iter	MultiClass
0	1.037416369
1	0.9883607429
2	0.9369446087
3	0.8856037993
4	0.8492027741
5	0.8031039813
6	0.7653440806
7	0.7333080625
8	0.7011853406
9	0.6729910726
10	0.6429432822
11	0.611865448
12	0.5894551759
13	0.5647101382
14	0.5448797358
