log_loss,accuracy,f1,auc,percision,CV,transform,features_selection,dim_red,model
5.406548008367572,0.85,0.8595744680851065,0.8490996597792715,0.8559322033898306,1,MinMaxScaler,,PCA,LogisticRegression
6.717226313426377,0.8136363636363636,0.8038277511961723,0.8128930817610063,0.8155339805825242,2,MinMaxScaler,,PCA,LogisticRegression
6.225721949029326,0.8272727272727273,0.8240740740740742,0.8272727272727273,0.839622641509434,3,MinMaxScaler,,PCA,LogisticRegression
6.583315687509982,0.817351598173516,0.8165137614678899,0.817673564753004,0.8018018018018018,4,MinMaxScaler,,PCA,LogisticRegression
6.912481471885481,0.8082191780821918,0.8055555555555556,0.8081734778982484,0.8130841121495327,5,MinMaxScaler,,PCA,LogisticRegression
