log_loss,accuracy,f1,auc,percision,CV,transform,features_selection,dim_red,model
5.734217584632275,0.8409090909090909,0.8497854077253219,0.8405526512322629,0.853448275862069,1,MinMaxScaler,,False,LGBMClassifier
6.553391525294027,0.8181818181818182,0.803921568627451,0.8166170142336975,0.8367346938775511,2,MinMaxScaler,,False,LGBMClassifier
6.389556737161677,0.8227272727272728,0.821917808219178,0.8227272727272728,0.8256880733944955,3,MinMaxScaler,,False,LGBMClassifier
6.089567010946733,0.8310502283105022,0.8262910798122067,0.8308578104138853,0.8301886792452831,4,MinMaxScaler,,False,LGBMClassifier
5.431235442195735,0.8493150684931506,0.8465116279069768,0.8492493744787323,0.8584905660377359,5,MinMaxScaler,,False,LGBMClassifier
