log_loss,accuracy,f1,auc,percision,CV,transform,features_selection,dim_red,model
13.434452626852755,0.6272727272727273,0.646551724137931,0.6263380632312671,0.6521739130434783,1,MinMaxScaler,,LLE,LGBMClassifier
13.762122203117459,0.6181818181818182,0.6216216216216216,0.6193313472360146,0.5948275862068966,2,MinMaxScaler,,LLE,LGBMClassifier
13.270617838720405,0.6318181818181818,0.6493506493506493,0.6318181818181817,0.6198347107438017,3,MinMaxScaler,,LLE,LGBMClassifier
12.343716914081215,0.6575342465753424,0.6696035242290749,0.6587116154873165,0.6333333333333333,4,MinMaxScaler,,LLE,LGBMClassifier
12.343716914081217,0.6575342465753424,0.647887323943662,0.6574228523769808,0.6634615384615384,5,MinMaxScaler,,LLE,LGBMClassifier
