log_loss,accuracy,f1,auc,percision,CV,transform,features_selection,dim_red,model
11.140765592999847,0.6909090909090909,0.7094017094017093,0.6896523110115342,0.7094017094017094,1,MinMaxScaler,,TSNE,LogisticRegression
9.50241771167634,0.7363636363636363,0.7339449541284405,0.7370076133730553,0.7142857142857143,2,MinMaxScaler,,TSNE,LogisticRegression
11.959939533661602,0.6681818181818182,0.6696832579185521,0.6681818181818182,0.6666666666666666,3,MinMaxScaler,,TSNE,LogisticRegression
9.874973531264974,0.726027397260274,0.7345132743362831,0.7271361815754339,0.6974789915966386,4,MinMaxScaler,,TSNE,LogisticRegression
8.558310393762977,0.7625570776255708,0.7719298245614036,0.7627606338615514,0.7394957983193278,5,MinMaxScaler,,TSNE,LogisticRegression
