log_loss,accuracy,f1,auc,percision,CV,transform,features_selection,dim_red,model
5.734217584632275,0.8409090909090909,0.8497854077253219,0.8405526512322629,0.853448275862069,1,MinMaxScaler,,False,AdaBoostClassifier
7.536400254088132,0.7909090909090909,0.7830188679245284,0.7906322409798081,0.7830188679245284,2,MinMaxScaler,,False,AdaBoostClassifier
6.553391525294027,0.8181818181818182,0.8181818181818182,0.8181818181818181,0.8181818181818182,3,MinMaxScaler,,False,AdaBoostClassifier
6.747898579697732,0.8127853881278538,0.8144796380090498,0.8134178905206941,0.7894736842105263,4,MinMaxScaler,,False,AdaBoostClassifier
7.077064364073231,0.8036529680365296,0.8054298642533937,0.8037114261884903,0.7946428571428571,5,MinMaxScaler,,False,AdaBoostClassifier
