log_loss,accuracy,f1,auc,percision,CV,transform,features_selection,dim_red,model
18.18566148269092,0.4954545454545455,0.15267175572519084,0.5233175670068874,0.7142857142857143,1,MinMaxScaler,,LLE,LogisticRegression
16.87498317763212,0.5318181818181819,0.6666666666666667,0.5472525653757034,0.5073891625615764,2,MinMaxScaler,,LLE,LogisticRegression
15.236635296308615,0.5772727272727273,0.6847457627118644,0.5772727272727273,0.5459459459459459,3,MinMaxScaler,,LLE,LogisticRegression
16.787455003150452,0.5342465753424658,0.6688311688311689,0.5438084112149533,0.5124378109452736,4,MinMaxScaler,,LLE,LogisticRegression
13.495797159395462,0.6255707762557078,0.7248322147651006,0.6272310258548791,0.5714285714285714,5,MinMaxScaler,,LLE,LogisticRegression
