log_loss,accuracy,f1,auc,percision,CV,transform,features_selection,dim_red,model
7.37256546595578,0.7954545454545454,0.8085106382978724,0.7943324205460128,0.8050847457627118,1,MinMaxScaler,,SE,LGBMClassifier
7.700235042220482,0.7863636363636364,0.7793427230046949,0.7862462760675273,0.7757009345794392,2,MinMaxScaler,,SE,LGBMClassifier
7.536400254088132,0.7909090909090909,0.7909090909090909,0.7909090909090909,0.7909090909090909,3,MinMaxScaler,,SE,LGBMClassifier
9.381224854701724,0.7397260273972602,0.7373271889400922,0.7399032042723632,0.7272727272727273,4,MinMaxScaler,,SE,LGBMClassifier
8.229144609387477,0.771689497716895,0.761904761904762,0.7715179316096747,0.7920792079207921,5,MinMaxScaler,,SE,LGBMClassifier
