log_loss,accuracy,f1,auc,percision,CV,transform,features_selection,dim_red,model
6.389556737161677,0.8227272727272728,0.8354430379746836,0.8211351755041076,0.825,1,MinMaxScaler,,LDA,AdaBoostClassifier
7.864069830352833,0.7818181818181819,0.7575757575757576,0.7792121813968883,0.8152173913043478,2,MinMaxScaler,,LDA,AdaBoostClassifier
5.898052372764625,0.8363636363636363,0.8301886792452831,0.8363636363636364,0.8627450980392157,3,MinMaxScaler,,LDA,AdaBoostClassifier
6.747898579697731,0.8127853881278538,0.807511737089202,0.8125834445927903,0.8113207547169812,4,MinMaxScaler,,LDA,AdaBoostClassifier
8.229144609387477,0.771689497716895,0.7448979591836735,0.7712260216847374,0.8390804597701149,5,MinMaxScaler,,LDA,AdaBoostClassifier
