log_loss,accuracy,f1,auc,percision,CV,transform,features_selection,dim_red,model
6.717226313426378,0.8136363636363636,0.8193832599118943,0.8149116255912372,0.8454545454545455,1,MinMaxScaler,,UMAP,SVC
8.683243771014586,0.759090909090909,0.7336683417085427,0.7566203243958953,0.7849462365591398,2,MinMaxScaler,,UMAP,SVC
7.20873067782343,0.8,0.8070175438596492,0.8,0.7796610169491526,3,MinMaxScaler,,UMAP,SVC
9.874973531264972,0.726027397260274,0.7435897435897436,0.7279706275033376,0.6850393700787402,4,MinMaxScaler,,UMAP,SVC
9.216641962513975,0.7442922374429224,0.7333333333333334,0.7441201000834029,0.7623762376237624,5,MinMaxScaler,,UMAP,SVC
