log_loss,accuracy,f1,auc,percision,CV,transform,features_selection,dim_red,model
11.3046003811322,0.6863636363636364,0.6497461928934011,0.6958343705916522,0.8,1,MinMaxScaler,,ISOMAP,LogisticRegression
12.287609109926303,0.6590909090909091,0.6031746031746031,0.6548328368090036,0.6867469879518072,2,MinMaxScaler,,ISOMAP,LogisticRegression
11.79610474552925,0.6727272727272727,0.6326530612244898,0.6727272727272726,0.7209302325581395,3,MinMaxScaler,,ISOMAP,LogisticRegression
12.014551129705717,0.6666666666666666,0.6178010471204188,0.6640937917222964,0.7023809523809523,4,MinMaxScaler,,ISOMAP,LogisticRegression
9.545807746889475,0.7351598173515982,0.71,0.7347789824854044,0.7802197802197802,5,MinMaxScaler,,ISOMAP,LogisticRegression
