log_loss,accuracy,f1,auc,percision,CV,transform,features_selection,dim_red,model
10.649261228602795,0.7045454545454546,0.7257383966244726,0.7024728238320471,0.7166666666666667,1,MinMaxScaler,,UMAP,LogisticRegression
11.79610474552925,0.6727272727272727,0.6869565217391305,0.6752730883813307,0.6370967741935484,2,MinMaxScaler,,UMAP,LogisticRegression
12.123774321793952,0.6636363636363637,0.6890756302521008,0.6636363636363636,0.640625,3,MinMaxScaler,,UMAP,LogisticRegression
11.356219560954719,0.684931506849315,0.6986899563318777,0.6863317757009346,0.6557377049180327,4,MinMaxScaler,,UMAP,LogisticRegression
8.558310393762978,0.7625570776255708,0.7758620689655172,0.7628440366972477,0.7317073170731707,5,MinMaxScaler,,UMAP,LogisticRegression
