log_loss,accuracy,f1,auc,percision,CV,transform,features_selection,dim_red,model
5.570382796499923,0.8454545454545455,0.8559322033898306,0.8442452908472327,0.8487394957983193,1,MinMaxScaler,,False,LogisticRegression
7.20873067782343,0.8,0.7924528301886793,0.7997351870241642,0.7924528301886793,2,MinMaxScaler,,False,LogisticRegression
6.389556737161677,0.8227272727272728,0.8202764976958525,0.8227272727272728,0.8317757009345794,3,MinMaxScaler,,False,LogisticRegression
7.57081304063648,0.7899543378995434,0.7946428571428571,0.7908878504672897,0.7606837606837606,4,MinMaxScaler,,False,LogisticRegression
7.077064364073231,0.8036529680365296,0.8054298642533937,0.8037114261884903,0.7946428571428571,5,MinMaxScaler,,False,LogisticRegression
