log_loss,accuracy,f1,auc,percision,CV,transform,features_selection,dim_red,model
7.20873067782343,0.8,0.810344827586207,0.7997676541365861,0.8173913043478261,1,MinMaxScaler,,UMAP,RandomForestClassifier
6.061887160896976,0.8318181818181818,0.8262910798122067,0.8317610062893082,0.822429906542056,2,MinMaxScaler,,UMAP,RandomForestClassifier
7.700235042220482,0.7863636363636364,0.7911111111111111,0.7863636363636364,0.7739130434782608,3,MinMaxScaler,,UMAP,RandomForestClassifier
7.899978825011979,0.7808219178082192,0.7757009345794392,0.7807076101468624,0.7757009345794392,4,MinMaxScaler,,UMAP,RandomForestClassifier
5.7604012265712345,0.8401826484018264,0.8325358851674641,0.8399916597164303,0.87,5,MinMaxScaler,,UMAP,RandomForestClassifier
