log_loss,accuracy,f1,auc,percision,CV,transform,features_selection,dim_red,model
19.168670211485026,0.4681818181818182,0.0,0.5,0.0,1,MinMaxScaler,,SE,LogisticRegression
18.677165847087974,0.4818181818181818,0.6503067484662576,0.5,0.4818181818181818,2,MinMaxScaler,,SE,LogisticRegression
8.519408982882236,0.7636363636363637,0.7657657657657657,0.7636363636363637,0.7589285714285714,3,MinMaxScaler,,SE,LogisticRegression
18.433283925027947,0.4885844748858447,0.656441717791411,0.5,0.4885844748858447,4,MinMaxScaler,,SE,LogisticRegression
10.533305100015971,0.7077625570776256,0.7611940298507462,0.7087989991659717,0.6415094339622641,5,MinMaxScaler,,SE,LogisticRegression
