log_loss,accuracy,f1,auc,percision,CV,transform,features_selection,dim_red,model
6.717226313426377,0.8136363636363636,0.8298755186721992,0.8108455729814954,0.8064516129032258,1,MinMaxScaler,,TSNE,CatBoostClassifier
6.225721949029327,0.8272727272727273,0.811881188118812,0.8253889440582589,0.8541666666666666,2,MinMaxScaler,,TSNE,CatBoostClassifier
6.717226313426378,0.8136363636363636,0.8177777777777778,0.8136363636363636,0.8,3,MinMaxScaler,,TSNE,CatBoostClassifier
6.9124814718854815,0.8082191780821918,0.8055555555555556,0.8083277703604806,0.7981651376146789,4,MinMaxScaler,,TSNE,CatBoostClassifier
7.57081304063648,0.7899543378995434,0.7830188679245284,0.7898248540450375,0.8058252427184466,5,MinMaxScaler,,TSNE,CatBoostClassifier
