log_loss,accuracy,f1,auc,percision,CV,transform,features_selection,dim_red,model
8.519408982882236,0.7636363636363637,0.7777777777777778,0.7626752966558791,0.7777777777777778,1,MinMaxScaler,,LDA,RandomForestClassifier
8.355574194749884,0.7681818181818182,0.7536231884057971,0.7670473353194307,0.7722772277227723,2,MinMaxScaler,,LDA,RandomForestClassifier
8.847078559146937,0.7545454545454545,0.7589285714285713,0.7545454545454545,0.7456140350877193,3,MinMaxScaler,,LDA,RandomForestClassifier
9.545807746889475,0.7351598173515982,0.7363636363636364,0.7356475300400533,0.7168141592920354,4,MinMaxScaler,,LDA,RandomForestClassifier
8.722893285950725,0.7579908675799086,0.7534883720930232,0.7579232693911593,0.7641509433962265,5,MinMaxScaler,,LDA,RandomForestClassifier
