log_loss,accuracy,f1,auc,percision,CV,transform,features_selection,dim_red,model
5.734217584632275,0.8409090909090909,0.8497854077253219,0.8405526512322629,0.853448275862069,1,MinMaxScaler,,LDA,LogisticRegression
7.864069830352833,0.7818181818181819,0.76,0.7795431976166831,0.8085106382978723,2,MinMaxScaler,,LDA,LogisticRegression
5.898052372764625,0.8363636363636363,0.8301886792452831,0.8363636363636364,0.8627450980392157,3,MinMaxScaler,,LDA,LogisticRegression
6.583315687509982,0.817351598173516,0.8113207547169811,0.8170477303070759,0.819047619047619,4,MinMaxScaler,,LDA,LogisticRegression
7.077064364073231,0.8036529680365296,0.7942583732057417,0.8034612176814012,0.83,5,MinMaxScaler,,LDA,LogisticRegression
