log_loss,accuracy,f1,auc,percision,CV,transform,features_selection,dim_red,model
8.027904618485184,0.7772727272727272,0.7762557077625571,0.780723591403203,0.8333333333333334,1,MinMaxScaler,,MDS,LogisticRegression
9.174748135411637,0.7454545454545455,0.7281553398058253,0.7441244620986428,0.75,2,MinMaxScaler,,MDS,LogisticRegression
8.355574194749886,0.7681818181818182,0.7582938388625592,0.7681818181818182,0.7920792079207921,3,MinMaxScaler,,MDS,LogisticRegression
9.545807746889475,0.7351598173515982,0.7211538461538461,0.7343958611481975,0.7425742574257426,4,MinMaxScaler,,MDS,LogisticRegression
8.229144609387477,0.771689497716895,0.7641509433962266,0.771559633027523,0.7864077669902912,5,MinMaxScaler,,MDS,LogisticRegression
