log_loss,accuracy,f1,auc,percision,CV,transform,features_selection,dim_red,model
7.372565465955781,0.7954545454545454,0.8051948051948051,0.7954941498630819,0.8157894736842105,1,MinMaxScaler,,TSNE,RandomForestClassifier
6.717226313426377,0.8136363636363636,0.8056872037914692,0.813224097980801,0.8095238095238095,2,MinMaxScaler,,TSNE,RandomForestClassifier
6.225721949029327,0.8272727272727273,0.8288288288288289,0.8272727272727273,0.8214285714285714,3,MinMaxScaler,,TSNE,RandomForestClassifier
6.9124814718854815,0.8082191780821918,0.8037383177570093,0.8081191588785046,0.8037383177570093,4,MinMaxScaler,,TSNE,RandomForestClassifier
6.747898579697732,0.8127853881278538,0.807511737089202,0.8126772310258551,0.8269230769230769,5,MinMaxScaler,,TSNE,RandomForestClassifier
