log_loss,accuracy,f1,auc,percision,CV,transform,features_selection,dim_red,model
8.355574194749884,0.7681818181818182,0.7792207792207793,0.7681105302464526,0.7894736842105263,1,PolynomialFeatures,,TSNE,DecisionTreeClassifier
8.355574194749884,0.7681818181818182,0.7536231884057971,0.7670473353194307,0.7722772277227723,2,PolynomialFeatures,,TSNE,DecisionTreeClassifier
6.881061101558729,0.8090909090909091,0.8073394495412846,0.8090909090909091,0.8148148148148148,3,PolynomialFeatures,,TSNE,DecisionTreeClassifier
8.229144609387477,0.771689497716895,0.7641509433962264,0.771361815754339,0.7714285714285715,4,PolynomialFeatures,,TSNE,DecisionTreeClassifier
8.064561717199728,0.776255707762557,0.772093023255814,0.776188490408674,0.7830188679245284,5,PolynomialFeatures,,TSNE,DecisionTreeClassifier
