log_loss,accuracy,f1,auc,percision,CV,transform,features_selection,dim_red,model
6.061887160896975,0.8318181818181818,0.8384279475982533,0.8325865073437889,0.8571428571428571,1,PolynomialFeatures,,LDA,LogisticRegression
7.700235042220482,0.7863636363636364,0.7661691542288557,0.7842601787487586,0.8105263157894737,2,PolynomialFeatures,,LDA,LogisticRegression
5.898052372764625,0.8363636363636363,0.8285714285714286,0.8363636363636364,0.87,3,PolynomialFeatures,,LDA,LogisticRegression
7.4062301484487305,0.7945205479452054,0.7887323943661972,0.7943090787716957,0.7924528301886793,4,PolynomialFeatures,,LDA,LogisticRegression
7.4062301484487305,0.7945205479452054,0.7906976744186047,0.7944537114261885,0.8018867924528302,5,PolynomialFeatures,,LDA,LogisticRegression
