log_loss,accuracy,f1,auc,percision,CV,transform,features_selection,dim_red,model
7.044895889691079,0.8045454545454546,0.8170212765957446,0.8034602937515558,0.8135593220338984,1,PolynomialFeatures,,MDS,LogisticRegression
6.717226313426378,0.8136363636363636,0.8110599078341014,0.8142171466401854,0.7927927927927928,2,PolynomialFeatures,,MDS,LogisticRegression
7.20873067782343,0.8,0.794392523364486,0.7999999999999999,0.8173076923076923,3,PolynomialFeatures,,MDS,LogisticRegression
8.887476178138476,0.7534246575342466,0.7610619469026548,0.754547730307076,0.7226890756302521,4,PolynomialFeatures,,MDS,LogisticRegression
8.558310393762977,0.7625570776255708,0.7592592592592593,0.762510425354462,0.7663551401869159,5,PolynomialFeatures,,MDS,LogisticRegression
