log_loss,accuracy,f1,auc,percision,CV,transform,features_selection,dim_red,model
5.570382796499923,0.8454545454545455,0.8521739130434782,0.8459878848228364,0.8672566371681416,1,PolynomialFeatures,,MDS,AdaBoostClassifier
7.208730677823431,0.8,0.7864077669902914,0.7987421383647798,0.81,2,PolynomialFeatures,,MDS,AdaBoostClassifier
7.37256546595578,0.7954545454545454,0.7887323943661971,0.7954545454545455,0.8155339805825242,3,PolynomialFeatures,,MDS,AdaBoostClassifier
8.393727501575226,0.7671232876712328,0.7692307692307692,0.7677319759679573,0.7456140350877193,4,PolynomialFeatures,,MDS,AdaBoostClassifier
8.064561717199728,0.776255707762557,0.7677725118483412,0.7761050875729775,0.7941176470588235,5,PolynomialFeatures,,MDS,AdaBoostClassifier
