log_loss,accuracy,f1,auc,percision,CV,transform,features_selection,dim_red,model
9.010913347279287,0.75,0.7511312217194571,0.7527591071280392,0.7980769230769231,1,PolynomialFeatures,,LLE,LGBMClassifier
11.3046003811322,0.6863636363636364,0.684931506849315,0.6871069182389938,0.6637168141592921,2,PolynomialFeatures,,LLE,LGBMClassifier
11.140765592999847,0.6909090909090909,0.6909090909090909,0.6909090909090909,0.6909090909090909,3,PolynomialFeatures,,LLE,LGBMClassifier
9.710390639077225,0.730593607305936,0.7203791469194313,0.7301401869158879,0.7307692307692307,4,PolynomialFeatures,,LLE,LGBMClassifier
10.36872220782822,0.7123287671232876,0.7123287671232876,0.7123436196830693,0.7090909090909091,5,PolynomialFeatures,,LLE,LGBMClassifier
