log_loss,accuracy,f1,auc,percision,CV,transform,features_selection,dim_red,model
6.225721949029326,0.8272727272727273,0.8362068965517241,0.8271512737532155,0.8434782608695652,1,PolynomialFeatures,,PCA,AdaBoostClassifier
8.191739406617534,0.7727272727272727,0.7641509433962265,0.7724263488910956,0.7641509433962265,2,PolynomialFeatures,,PCA,AdaBoostClassifier
5.734217584632275,0.8409090909090909,0.8341232227488151,0.8409090909090909,0.8712871287128713,3,PolynomialFeatures,,PCA,AdaBoostClassifier
7.57081304063648,0.7899543378995434,0.7830188679245284,0.789636181575434,0.7904761904761904,4,PolynomialFeatures,,PCA,AdaBoostClassifier
7.24164725626098,0.7990867579908676,0.7962962962962964,0.7990408673894913,0.8037383177570093,5,PolynomialFeatures,,PCA,AdaBoostClassifier
