log_loss,accuracy,f1,auc,percision,CV,transform,features_selection,dim_red,model
8.191739406617534,0.7727272727272727,0.7807017543859649,0.773545763837026,0.8018018018018018,1,PolynomialFeatures,,ISOMAP,RandomForestClassifier
7.864069830352833,0.7818181818181819,0.7714285714285714,0.7811982787156571,0.7788461538461539,2,PolynomialFeatures,,ISOMAP,RandomForestClassifier
6.061887160896975,0.8318181818181818,0.8325791855203618,0.8318181818181818,0.8288288288288288,3,PolynomialFeatures,,ISOMAP,RandomForestClassifier
7.57081304063648,0.7899543378995434,0.7927927927927927,0.7906792389853137,0.7652173913043478,4,PolynomialFeatures,,ISOMAP,RandomForestClassifier
7.57081304063648,0.7899543378995434,0.7889908256880734,0.7899499582985822,0.7889908256880734,5,PolynomialFeatures,,ISOMAP,RandomForestClassifier
