log_loss,accuracy,f1,auc,percision,CV,transform,features_selection,dim_red,model
19.168670211485026,0.4681818181818182,0.0,0.5,0.0,1,PolynomialFeatures,,SE,LogisticRegression
18.677165847087974,0.4818181818181818,0.6503067484662576,0.5,0.4818181818181818,2,PolynomialFeatures,,SE,LogisticRegression
8.027904618485183,0.7772727272727272,0.7822222222222223,0.7772727272727272,0.7652173913043478,3,PolynomialFeatures,,SE,LogisticRegression
18.433283925027947,0.4885844748858447,0.656441717791411,0.5,0.4885844748858447,4,PolynomialFeatures,,SE,LogisticRegression
9.216641962513973,0.7442922374429224,0.7704918032786886,0.7448290241868224,0.6962962962962963,5,PolynomialFeatures,,SE,LogisticRegression
