log_loss,accuracy,f1,auc,percision,CV,transform,features_selection,dim_red,model
9.33858292354399,0.740909090909091,0.7466666666666666,0.7424695046054269,0.7777777777777778,1,PolynomialFeatures,,LLE,DecisionTreeClassifier
11.140765592999845,0.6909090909090909,0.6851851851851852,0.6911618669314796,0.6727272727272727,2,PolynomialFeatures,,LLE,DecisionTreeClassifier
11.140765592999847,0.6909090909090909,0.6880733944954128,0.6909090909090908,0.6944444444444444,3,PolynomialFeatures,,LLE,DecisionTreeClassifier
10.697887992203722,0.7031963470319634,0.7058823529411765,0.7037716955941254,0.6842105263157895,4,PolynomialFeatures,,LLE,DecisionTreeClassifier
12.508299806268965,0.6529680365296804,0.6380952380952382,0.6527939949958299,0.6633663366336634,5,PolynomialFeatures,,LLE,DecisionTreeClassifier
