log_loss,accuracy,f1,auc,percision,CV,transform,features_selection,dim_red,model
9.993922076073392,0.7227272727272728,0.7426160337552742,0.7207285702431333,0.7333333333333333,1,PolynomialFeatures,,LLE,RandomForestClassifier
9.50241771167634,0.7363636363636363,0.7339449541284405,0.7370076133730553,0.7142857142857143,2,PolynomialFeatures,,LLE,RandomForestClassifier
9.993922076073392,0.7227272727272728,0.7188940092165899,0.7227272727272727,0.7289719626168224,3,PolynomialFeatures,,LLE,RandomForestClassifier
12.014551129705717,0.6666666666666666,0.6666666666666667,0.6670143524699599,0.6517857142857143,4,PolynomialFeatures,,LLE,RandomForestClassifier
10.368722207828222,0.7123287671232876,0.7174887892376682,0.7124270225187657,0.7017543859649122,5,PolynomialFeatures,,LLE,RandomForestClassifier
