log_loss,accuracy,f1,auc,percision,CV,transform,features_selection,dim_red,model
5.570382796499923,0.8454545454545455,0.8534482758620691,0.8454070201643018,0.8608695652173913,1,PolynomialFeatures,,False,LogisticRegression
7.700235042220482,0.7863636363636364,0.7707317073170732,0.7849222111883483,0.797979797979798,2,PolynomialFeatures,,False,LogisticRegression
5.898052372764625,0.8363636363636363,0.8317757009345793,0.8363636363636364,0.8557692307692307,3,PolynomialFeatures,,False,LogisticRegression
6.9124814718854815,0.8082191780821918,0.8073394495412843,0.8085363818424567,0.7927927927927928,4,PolynomialFeatures,,False,LogisticRegression
7.40623014844873,0.7945205479452054,0.7887323943661972,0.7944120100083403,0.8076923076923077,5,PolynomialFeatures,,False,LogisticRegression
