log_loss,accuracy,f1,auc,percision,CV,transform,features_selection,dim_red,model
7.20873067782343,0.8,0.8086956521739128,0.8003485187951206,0.8230088495575221,1,PolynomialFeatures,,MDS,XGBClassifier
6.717226313426378,0.8136363636363636,0.8019323671497585,0.8125620655412116,0.8217821782178217,2,PolynomialFeatures,,MDS,XGBClassifier
7.8640698303528325,0.7818181818181819,0.7735849056603775,0.7818181818181817,0.803921568627451,3,PolynomialFeatures,,MDS,XGBClassifier
9.052059070326226,0.7488584474885844,0.7533632286995515,0.7496662216288386,0.7241379310344828,4,PolynomialFeatures,,MDS,XGBClassifier
8.064561717199728,0.776255707762557,0.7655502392344498,0.7760633861551293,0.8,5,PolynomialFeatures,,MDS,XGBClassifier
