log_loss,accuracy,f1,auc,percision,CV,transform,features_selection,dim_red,model
6.389556737161677,0.8227272727272728,0.8296943231441047,0.8234586341382457,0.8482142857142857,1,PolynomialFeatures,,UMAP,CatBoostClassifier
8.027904618485184,0.7772727272727272,0.7537688442211055,0.7748262164846077,0.8064516129032258,2,PolynomialFeatures,,UMAP,CatBoostClassifier
6.389556737161677,0.8227272727272728,0.8202764976958525,0.8227272727272728,0.8317757009345794,3,PolynomialFeatures,,UMAP,CatBoostClassifier
7.40623014844873,0.7945205479452054,0.7887323943661972,0.7943090787716957,0.7924528301886793,4,PolynomialFeatures,,UMAP,CatBoostClassifier
7.077064364073231,0.8036529680365296,0.7981220657276996,0.8035446205170975,0.8173076923076923,5,PolynomialFeatures,,UMAP,CatBoostClassifier
