log_loss,accuracy,f1,auc,percision,CV,transform,features_selection,dim_red,model
6.225721949029326,0.8272727272727273,0.8389830508474577,0.8259895444361464,0.8319327731092437,1,PolynomialFeatures,,TSNE,AdaBoostClassifier
7.8640698303528325,0.7818181818181819,0.7575757575757576,0.7792121813968883,0.8152173913043478,2,PolynomialFeatures,,TSNE,AdaBoostClassifier
6.553391525294027,0.8181818181818182,0.8181818181818182,0.8181818181818181,0.8181818181818182,3,PolynomialFeatures,,TSNE,AdaBoostClassifier
7.57081304063648,0.7899543378995434,0.7870370370370371,0.7900534045393859,0.7798165137614679,4,PolynomialFeatures,,TSNE,AdaBoostClassifier
7.4062301484487305,0.7945205479452054,0.7867298578199052,0.7943703085904922,0.8137254901960784,5,PolynomialFeatures,,TSNE,AdaBoostClassifier
