log_loss,accuracy,f1,auc,percision,CV,transform,features_selection,dim_red,model
5.734217584632273,0.8409090909090909,0.8430493273542601,0.8434569745249358,0.8867924528301887,1,PolynomialFeatures,,TSNE,LogisticRegression
7.20873067782343,0.8,0.7821782178217821,0.7980801059251903,0.8229166666666666,2,PolynomialFeatures,,TSNE,LogisticRegression
6.717226313426377,0.8136363636363636,0.8110599078341014,0.8136363636363636,0.822429906542056,3,PolynomialFeatures,,TSNE,LogisticRegression
7.735395932824229,0.7853881278538812,0.7793427230046949,0.7851718958611482,0.7830188679245284,4,PolynomialFeatures,,TSNE,LogisticRegression
7.57081304063648,0.7899543378995434,0.780952380952381,0.7897831526271893,0.8118811881188119,5,PolynomialFeatures,,TSNE,LogisticRegression
