log_loss,accuracy,f1,auc,percision,CV,transform,features_selection,dim_red,model
5.898052372764625,0.8363636363636363,0.8434782608695652,0.8368600116172933,0.8584070796460177,1,PolynomialFeatures,,MDS,CatBoostClassifier
7.700235042220482,0.7863636363636364,0.7661691542288557,0.7842601787487586,0.8105263157894737,2,PolynomialFeatures,,MDS,CatBoostClassifier
6.061887160896976,0.8318181818181818,0.8229665071770336,0.8318181818181818,0.8686868686868687,3,PolynomialFeatures,,MDS,CatBoostClassifier
7.40623014844873,0.7945205479452054,0.7945205479452055,0.7949349132176234,0.7767857142857143,4,PolynomialFeatures,,MDS,CatBoostClassifier
7.40623014844873,0.7945205479452054,0.782608695652174,0.7942869057547957,0.826530612244898,5,PolynomialFeatures,,MDS,CatBoostClassifier
