log_loss,accuracy,f1,auc,percision,CV,transform,features_selection,dim_red,model
8.027904618485184,0.7772727272727272,0.7878787878787878,0.7772384034519957,0.7982456140350878,1,PolynomialFeatures,,ISOMAP,LogisticRegression
9.33858292354399,0.740909090909091,0.7135678391959798,0.7384144323071831,0.7634408602150538,2,PolynomialFeatures,,ISOMAP,LogisticRegression
9.01091334727929,0.75,0.751131221719457,0.7499999999999999,0.7477477477477478,3,PolynomialFeatures,,ISOMAP,LogisticRegression
9.874973531264974,0.726027397260274,0.7368421052631579,0.72734479305741,0.6942148760330579,4,PolynomialFeatures,,ISOMAP,LogisticRegression
8.887476178138476,0.7534246575342466,0.7403846153846154,0.7532110091743119,0.7777777777777778,5,PolynomialFeatures,,ISOMAP,LogisticRegression
