log_loss,accuracy,f1,auc,percision,CV,transform,features_selection,dim_red,model
20.15167894027913,0.4409090909090909,0.016,0.47029292174923243,0.125,1,PolynomialFeatures,,LLE,LogisticRegression
17.53032233016152,0.5136363636363637,0.6537216828478964,0.5290466732869911,0.4975369458128079,2,PolynomialFeatures,,LLE,LogisticRegression
15.400470084440965,0.5727272727272728,0.6948051948051948,0.5727272727272728,0.5404040404040404,3,PolynomialFeatures,,LLE,LogisticRegression
15.799957650023956,0.5616438356164384,0.6883116883116884,0.5712199599465955,0.527363184079602,4,PolynomialFeatures,,LLE,LogisticRegression
17.44578657190145,0.5159817351598174,0.6580645161290323,0.5178899082568807,0.5074626865671642,5,PolynomialFeatures,,LLE,LogisticRegression
