log_loss,accuracy,f1,auc,percision,CV,transform,features_selection,dim_red,model
7.208730677823431,0.8,0.8151260504201682,0.7980250601609826,0.8016528925619835,1,PolynomialFeatures,,LDA,RandomForestClassifier
7.044895889691079,0.8045454545454546,0.7839195979899497,0.8021350546176763,0.8387096774193549,2,PolynomialFeatures,,LDA,RandomForestClassifier
8.355574194749884,0.7681818181818182,0.7713004484304933,0.7681818181818181,0.7610619469026548,3,PolynomialFeatures,,LDA,RandomForestClassifier
8.722893285950725,0.7579908675799086,0.7601809954751131,0.75859479305741,0.7368421052631579,4,PolynomialFeatures,,LDA,RandomForestClassifier
9.216641962513975,0.7442922374429224,0.7454545454545455,0.7443286071726438,0.7387387387387387,5,PolynomialFeatures,,LDA,RandomForestClassifier
