log_loss,accuracy,f1,auc,percision,CV,transform,features_selection,dim_red,model
6.389556737161677,0.8227272727272728,0.8296943231441047,0.8234586341382457,0.8482142857142857,1,PolynomialFeatures,,LDA,AdaBoostClassifier
7.8640698303528325,0.7818181818181819,0.7499999999999999,0.7782191327375042,0.8372093023255814,2,PolynomialFeatures,,LDA,AdaBoostClassifier
6.061887160896976,0.8318181818181818,0.8177339901477831,0.8318181818181817,0.8924731182795699,3,PolynomialFeatures,,LDA,AdaBoostClassifier
7.24164725626098,0.7990867579908676,0.7821782178217822,0.7977303070761015,0.8315789473684211,4,PolynomialFeatures,,LDA,AdaBoostClassifier
8.722893285950725,0.7579908675799086,0.7282051282051282,0.7575062552126772,0.8255813953488372,5,PolynomialFeatures,,LDA,AdaBoostClassifier
