log_loss,accuracy,f1,auc,percision,CV,transform,features_selection,dim_red,model
5.406548008367572,0.85,0.8558951965065502,0.8508422537548752,0.875,1,PolynomialFeatures,,False,XGBClassifier
6.225721949029326,0.8272727272727273,0.8207547169811321,0.8270440251572329,0.8207547169811321,2,PolynomialFeatures,,False,XGBClassifier
6.061887160896975,0.8318181818181818,0.8310502283105023,0.8318181818181818,0.8348623853211009,3,PolynomialFeatures,,False,XGBClassifier
5.595818334383485,0.8447488584474886,0.839622641509434,0.8444592790387184,0.8476190476190476,4,PolynomialFeatures,,False,XGBClassifier
6.583315687509982,0.817351598173516,0.81651376146789,0.817347789824854,0.8165137614678899,5,PolynomialFeatures,,False,XGBClassifier
