log_loss,accuracy,f1,auc,percision,CV,transform,features_selection,dim_red,model
5.734217584632275,0.8409090909090909,0.8458149779735681,0.8422952452078667,0.8727272727272727,1,PolynomialFeatures,,LDA,CatBoostClassifier
7.700235042220482,0.7863636363636364,0.758974358974359,0.7832671300893744,0.8314606741573034,2,PolynomialFeatures,,LDA,CatBoostClassifier
6.225721949029326,0.8272727272727273,0.8224299065420562,0.8272727272727273,0.8461538461538461,3,PolynomialFeatures,,LDA,CatBoostClassifier
6.418732795322233,0.821917808219178,0.8133971291866029,0.8213034045393859,0.8333333333333334,4,PolynomialFeatures,,LDA,CatBoostClassifier
9.052059070326225,0.7488584474885844,0.7417840375586855,0.7487489574645537,0.7596153846153846,5,PolynomialFeatures,,LDA,CatBoostClassifier
