log_loss,accuracy,f1,auc,percision,CV,transform,features_selection,dim_red,model
6.553391525294027,0.8181818181818182,0.8305084745762712,0.8168616712306034,0.8235294117647058,1,PolynomialFeatures,,MDS,DecisionTreeClassifier
8.847078559146937,0.7545454545454545,0.7378640776699028,0.7532274081429989,0.76,2,PolynomialFeatures,,MDS,DecisionTreeClassifier
8.355574194749884,0.7681818181818182,0.7792207792207793,0.7681818181818183,0.743801652892562,3,PolynomialFeatures,,MDS,DecisionTreeClassifier
9.216641962513975,0.7442922374429224,0.75,0.7452019359145527,0.717948717948718,4,PolynomialFeatures,,MDS,DecisionTreeClassifier
9.381224854701724,0.7397260273972602,0.7246376811594203,0.739491242702252,0.7653061224489796,5,PolynomialFeatures,,MDS,DecisionTreeClassifier
