log_loss,accuracy,f1,auc,percision,CV,transform,features_selection,dim_red,model
5.406548008367572,0.85,0.8558951965065502,0.8508422537548752,0.875,1,PolynomialFeatures,,UMAP,XGBClassifier
7.536400254088132,0.7909090909090909,0.7788461538461539,0.7899702085402185,0.7941176470588235,2,PolynomialFeatures,,UMAP,XGBClassifier
7.864069830352833,0.7818181818181819,0.7876106194690267,0.7818181818181819,0.7672413793103449,3,PolynomialFeatures,,UMAP,XGBClassifier
7.24164725626098,0.7990867579908676,0.794392523364486,0.7989819759679573,0.794392523364486,4,PolynomialFeatures,,UMAP,XGBClassifier
7.57081304063648,0.7899543378995434,0.7850467289719626,0.7898665554628858,0.8,5,PolynomialFeatures,,UMAP,XGBClassifier
