log_loss,accuracy,f1,auc,percision,CV,transform,features_selection,dim_red,model
6.881061101558729,0.8090909090909091,0.8125000000000001,0.8112189859762676,0.8504672897196262,1,PolynomialFeatures,,MDS,LGBMClassifier
7.044895889691079,0.8045454545454546,0.7922705314009663,0.8034591194968554,0.8118811881188119,2,PolynomialFeatures,,MDS,LGBMClassifier
7.700235042220482,0.7863636363636364,0.7853881278538812,0.7863636363636363,0.7889908256880734,3,PolynomialFeatures,,MDS,LGBMClassifier
7.899978825011979,0.7808219178082192,0.7735849056603774,0.7804989986648866,0.780952380952381,4,PolynomialFeatures,,MDS,LGBMClassifier
8.558310393762977,0.7625570776255708,0.7373737373737373,0.7621351125938282,0.8202247191011236,5,PolynomialFeatures,,MDS,LGBMClassifier
