log_loss,accuracy,f1,auc,percision,CV,transform,features_selection,dim_red,model
5.898052372764625,0.8363636363636363,0.8434782608695652,0.8368600116172933,0.8584070796460177,1,PolynomialFeatures,,False,RandomForestClassifier
5.734217584632275,0.8409090909090909,0.8292682926829269,0.8395398874544854,0.8585858585858586,2,PolynomialFeatures,,False,RandomForestClassifier
5.734217584632275,0.8409090909090909,0.8401826484018265,0.8409090909090909,0.8440366972477065,3,PolynomialFeatures,,False,RandomForestClassifier
6.418732795322233,0.821917808219178,0.815165876777251,0.8215120160213618,0.8269230769230769,4,PolynomialFeatures,,False,RandomForestClassifier
6.583315687509982,0.817351598173516,0.8076923076923077,0.817139282735613,0.8484848484848485,5,PolynomialFeatures,,False,RandomForestClassifier
