log_loss,accuracy,f1,auc,percision,CV,transform,features_selection,dim_red,model
7.8640698303528325,0.7818181818181819,0.8032786885245901,0.7780267197742926,0.7716535433070866,1,PolynomialFeatures,,UMAP,SVC
8.519408982882236,0.7636363636363637,0.7291666666666667,0.7600132406487917,0.813953488372093,2,PolynomialFeatures,,UMAP,SVC
7.8640698303528325,0.7818181818181819,0.7894736842105264,0.7818181818181819,0.7627118644067796,3,PolynomialFeatures,,UMAP,SVC
8.064561717199728,0.776255707762557,0.7802690582959642,0.7770777703604806,0.75,4,PolynomialFeatures,,UMAP,SVC
7.899978825011978,0.7808219178082192,0.7714285714285715,0.7806505421184319,0.801980198019802,5,PolynomialFeatures,,UMAP,SVC
