log_loss,accuracy,f1,auc,percision,CV,transform,features_selection,dim_red,model
5.898052372764625,0.8363636363636363,0.847457627118644,0.8351174176416895,0.8403361344537815,1,PolynomialFeatures,,PCA,LogisticRegression
7.536400254088132,0.7909090909090909,0.7745098039215688,0.789308176100629,0.8061224489795918,2,PolynomialFeatures,,PCA,LogisticRegression
6.061887160896975,0.8318181818181818,0.8262910798122066,0.8318181818181819,0.8543689320388349,3,PolynomialFeatures,,PCA,LogisticRegression
7.57081304063648,0.7899543378995434,0.7889908256880734,0.7902620160213618,0.7747747747747747,4,PolynomialFeatures,,PCA,LogisticRegression
7.57081304063648,0.7899543378995434,0.7830188679245284,0.7898248540450375,0.8058252427184466,5,PolynomialFeatures,,PCA,LogisticRegression
