log_loss,accuracy,f1,auc,percision,CV,transform,features_selection,dim_red,model
7.044895889691079,0.8045454545454546,0.8122270742358079,0.8052028877271594,0.8303571428571429,1,PolynomialFeatures,,UMAP,LogisticRegression
9.666252499808694,0.7318181818181818,0.7177033492822966,0.7309665673618008,0.7281553398058253,2,PolynomialFeatures,,UMAP,LogisticRegression
9.010913347279288,0.75,0.7555555555555555,0.75,0.7391304347826086,3,PolynomialFeatures,,UMAP,LogisticRegression
9.216641962513975,0.7442922374429224,0.752212389380531,0.7454105473965287,0.7142857142857143,4,PolynomialFeatures,,UMAP,LogisticRegression
10.368722207828222,0.7123287671232876,0.7123287671232876,0.7123436196830693,0.7090909090909091,5,PolynomialFeatures,,UMAP,LogisticRegression
