log_loss,accuracy,f1,auc,percision,CV,transform,features_selection,dim_red,model
7.20873067782343,0.8,0.8135593220338982,0.798605924819517,0.8067226890756303,1,PolynomialFeatures,,LDA,DecisionTreeClassifier
6.881061101558728,0.8090909090909091,0.7878787878787878,0.806521019529957,0.8478260869565217,2,PolynomialFeatures,,LDA,DecisionTreeClassifier
8.027904618485184,0.7772727272727272,0.7762557077625571,0.7772727272727273,0.7798165137614679,3,PolynomialFeatures,,LDA,DecisionTreeClassifier
8.722893285950725,0.7579908675799086,0.7601809954751131,0.75859479305741,0.7368421052631579,4,PolynomialFeatures,,LDA,DecisionTreeClassifier
9.216641962513975,0.7442922374429224,0.7454545454545455,0.7443286071726438,0.7387387387387387,5,PolynomialFeatures,,LDA,DecisionTreeClassifier
