log_loss,accuracy,f1,auc,percision,CV,transform,features_selection,dim_red,model
7.700235042220482,0.7863636363636364,0.7911111111111112,0.7881088706331425,0.8240740740740741,1,PolynomialFeatures,,ISOMAP,LGBMClassifier
7.20873067782343,0.8,0.7843137254901962,0.7984111221449851,0.8163265306122449,2,PolynomialFeatures,,ISOMAP,LGBMClassifier
6.717226313426378,0.8136363636363636,0.8056872037914691,0.8136363636363636,0.8415841584158416,3,PolynomialFeatures,,ISOMAP,LGBMClassifier
7.241647256260981,0.7990867579908676,0.794392523364486,0.7989819759679573,0.794392523364486,4,PolynomialFeatures,,ISOMAP,LGBMClassifier
7.899978825011978,0.7808219178082192,0.7757009345794392,0.7807339449541285,0.7904761904761904,5,PolynomialFeatures,,ISOMAP,LGBMClassifier
