log_loss,accuracy,f1,auc,percision,CV,transform,features_selection,dim_red,model
8.027904618485184,0.7772727272727272,0.7822222222222222,0.7789809974275993,0.8148148148148148,1,PolynomialFeatures,,SE,RandomForestClassifier
7.536400254088132,0.7909090909090909,0.7788461538461539,0.7899702085402185,0.7941176470588235,2,PolynomialFeatures,,SE,RandomForestClassifier
7.044895889691079,0.8045454545454546,0.8071748878923767,0.8045454545454546,0.7964601769911505,3,PolynomialFeatures,,SE,RandomForestClassifier
7.57081304063648,0.7899543378995434,0.7909090909090909,0.7904706275033377,0.7699115044247787,4,PolynomialFeatures,,SE,RandomForestClassifier
7.40623014844873,0.7945205479452054,0.784688995215311,0.794328607172644,0.82,5,PolynomialFeatures,,SE,RandomForestClassifier
