log_loss,accuracy,f1,auc,percision,CV,transform,features_selection,dim_red,model
8.027904618485184,0.7772727272727272,0.7822222222222222,0.7789809974275993,0.8148148148148148,1,PowerTransformer,,UMAP,CatBoostClassifier
7.536400254088132,0.7909090909090909,0.77,0.7886461436610394,0.8191489361702128,2,PowerTransformer,,UMAP,CatBoostClassifier
6.717226313426377,0.8136363636363636,0.8144796380090498,0.8136363636363637,0.8108108108108109,3,PowerTransformer,,UMAP,CatBoostClassifier
7.4062301484487305,0.7945205479452054,0.7945205479452055,0.7949349132176234,0.7767857142857143,4,PowerTransformer,,UMAP,CatBoostClassifier
6.583315687509982,0.817351598173516,0.8130841121495327,0.8172643869891577,0.8285714285714286,5,PowerTransformer,,UMAP,CatBoostClassifier
