log_loss,accuracy,f1,auc,percision,CV,transform,features_selection,dim_red,model
6.717226313426378,0.8136363636363636,0.831275720164609,0.8102647083229608,0.8015873015873016,1,PowerTransformer,,MDS,CatBoostClassifier
7.8640698303528325,0.7818181818181819,0.7692307692307692,0.7808672624958624,0.7843137254901961,2,PowerTransformer,,MDS,CatBoostClassifier
6.553391525294027,0.8181818181818182,0.81651376146789,0.8181818181818182,0.8240740740740741,3,PowerTransformer,,MDS,CatBoostClassifier
7.077064364073231,0.8036529680365296,0.8018433179723501,0.803863484646195,0.7909090909090909,4,PowerTransformer,,MDS,CatBoostClassifier
6.418732795322233,0.821917808219178,0.8115942028985508,0.8216847372810676,0.8571428571428571,5,PowerTransformer,,MDS,CatBoostClassifier
