log_loss,accuracy,f1,auc,percision,CV,transform,features_selection,dim_red,model
10.485426440470444,0.7090909090909091,0.7288135593220338,0.7073271927640858,0.7226890756302521,1,PowerTransformer,,LLE,DecisionTreeClassifier
10.649261228602795,0.7045454545454546,0.6798029556650246,0.7026646805693479,0.711340206185567,2,PowerTransformer,,LLE,DecisionTreeClassifier
9.830087287941042,0.7272727272727273,0.7297297297297297,0.7272727272727273,0.7232142857142857,3,PowerTransformer,,LLE,DecisionTreeClassifier
10.86247088439147,0.6986301369863014,0.7053571428571429,0.6995160213618157,0.6752136752136753,4,PowerTransformer,,LLE,DecisionTreeClassifier
9.710390639077223,0.730593607305936,0.73542600896861,0.7306922435362803,0.7192982456140351,5,PowerTransformer,,LLE,DecisionTreeClassifier
