log_loss,accuracy,f1,auc,percision,CV,transform,features_selection,dim_red,model
8.027904618485184,0.7772727272727272,0.7878787878787878,0.7772384034519957,0.7982456140350878,1,PowerTransformer,,UMAP,RandomForestClassifier
8.355574194749884,0.7681818181818182,0.7536231884057971,0.7670473353194307,0.7722772277227723,2,PowerTransformer,,UMAP,RandomForestClassifier
7.20873067782343,0.8,0.8000000000000002,0.8,0.8,3,PowerTransformer,,UMAP,RandomForestClassifier
5.924984118758984,0.8356164383561644,0.8285714285714285,0.8351134846461951,0.8446601941747572,4,PowerTransformer,,UMAP,RandomForestClassifier
5.7604012265712345,0.8401826484018264,0.8372093023255816,0.8401167639699749,0.8490566037735849,5,PowerTransformer,,UMAP,RandomForestClassifier
