log_loss,accuracy,f1,auc,percision,CV,transform,features_selection,dim_red,model
5.898052372764625,0.8363636363636363,0.847457627118644,0.8351174176416895,0.8403361344537815,1,PowerTransformer,,False,MLPClassifier
7.372565465955781,0.7954545454545454,0.782608695652174,0.7943561734524992,0.801980198019802,2,PowerTransformer,,False,MLPClassifier
6.061887160896975,0.8318181818181818,0.8294930875576038,0.8318181818181819,0.8411214953271028,3,PowerTransformer,,False,MLPClassifier
6.254149903134483,0.8264840182648402,0.822429906542056,0.8263935246995995,0.822429906542056,4,PowerTransformer,,False,MLPClassifier
7.24164725626098,0.7990867579908676,0.7884615384615384,0.7988740617180984,0.8282828282828283,5,PowerTransformer,,False,MLPClassifier
