log_loss,accuracy,f1,auc,percision,CV,transform,features_selection,dim_red,model
7.20873067782343,0.8,0.810344827586207,0.7997676541365861,0.8173913043478261,1,PowerTransformer,,LDA,LogisticRegression
7.536400254088132,0.7909090909090909,0.7745098039215688,0.789308176100629,0.8061224489795918,2,PowerTransformer,,LDA,LogisticRegression
6.881061101558729,0.8090909090909091,0.8055555555555556,0.8090909090909091,0.8207547169811321,3,PowerTransformer,,LDA,LogisticRegression
7.899978825011979,0.7808219178082192,0.7798165137614678,0.7811248331108144,0.7657657657657657,4,PowerTransformer,,LDA,LogisticRegression
6.912481471885481,0.8082191780821918,0.7999999999999999,0.8080483736447039,0.8316831683168316,5,PowerTransformer,,LDA,LogisticRegression
