log_loss,accuracy,f1,auc,percision,CV,transform,features_selection,dim_red,model
6.717226313426378,0.8136363636363636,0.8240343347639484,0.8131690316156336,0.8275862068965517,1,PowerTransformer,,False,XGBClassifier
7.044895889691079,0.8045454545454546,0.7902439024390244,0.8031281032770605,0.8181818181818182,2,PowerTransformer,,False,XGBClassifier
6.389556737161677,0.8227272727272728,0.8251121076233183,0.8227272727272728,0.8141592920353983,3,PowerTransformer,,False,XGBClassifier
5.431235442195735,0.8493150684931506,0.8465116279069766,0.849340787716956,0.8425925925925926,4,PowerTransformer,,False,XGBClassifier
6.089567010946733,0.8310502283105022,0.8246445497630331,0.8309007506255213,0.8529411764705882,5,PowerTransformer,,False,XGBClassifier
