log_loss,accuracy,f1,auc,percision,CV,transform,features_selection,dim_red,model
7.8640698303528325,0.7818181818181819,0.7857142857142856,0.7838353663596381,0.822429906542056,1,PowerTransformer,,MDS,SVC
9.010913347279287,0.75,0.7488584474885844,0.7508275405494871,0.7256637168141593,2,PowerTransformer,,MDS,SVC
8.191739406617534,0.7727272727272727,0.7767857142857142,0.7727272727272727,0.7631578947368421,3,PowerTransformer,,MDS,SVC
10.204139315640472,0.7168949771689498,0.7256637168141592,0.7179989986648865,0.6890756302521008,4,PowerTransformer,,MDS,SVC
9.545807746889475,0.7351598173515982,0.7184466019417477,0.734904086738949,0.7628865979381443,5,PowerTransformer,,MDS,SVC
