log_loss,accuracy,f1,auc,percision,CV,transform,features_selection,dim_red,model
8.683243771014586,0.759090909090909,0.7685589519650656,0.759563521699444,0.7857142857142857,1,PowerTransformer,,SE,RandomForestClassifier
8.355574194749884,0.7681818181818182,0.7582938388625593,0.7677093677590202,0.7619047619047619,2,PowerTransformer,,SE,RandomForestClassifier
8.191739406617534,0.7727272727272727,0.7706422018348624,0.7727272727272727,0.7777777777777778,3,PowerTransformer,,SE,RandomForestClassifier
7.899978825011979,0.7808219178082192,0.7818181818181817,0.7813334445927903,0.7610619469026548,4,PowerTransformer,,SE,RandomForestClassifier
7.40623014844873,0.7945205479452054,0.7867298578199052,0.7943703085904922,0.8137254901960784,5,PowerTransformer,,SE,RandomForestClassifier
