log_loss,accuracy,f1,auc,percision,CV,transform,features_selection,dim_red,model
7.372565465955781,0.7954545454545454,0.810126582278481,0.7937515558874783,0.8,1,PowerTransformer,,LLE,CatBoostClassifier
9.01091334727929,0.75,0.7417840375586855,0.7498344918901027,0.7383177570093458,2,PowerTransformer,,LLE,CatBoostClassifier
8.027904618485184,0.7772727272727272,0.7860262008733625,0.7772727272727272,0.7563025210084033,3,PowerTransformer,,LLE,CatBoostClassifier
10.039556423452723,0.7214611872146118,0.7336244541484715,0.7228805073431243,0.6885245901639344,4,PowerTransformer,,LLE,CatBoostClassifier
8.722893285950725,0.7579908675799086,0.774468085106383,0.7583402835696414,0.7222222222222222,5,PowerTransformer,,LLE,CatBoostClassifier
