log_loss,accuracy,f1,auc,percision,CV,transform,features_selection,dim_red,model
6.553391525294028,0.8181818181818182,0.8305084745762712,0.8168616712306034,0.8235294117647058,1,PowerTransformer,,False,RandomForestClassifier
8.027904618485184,0.7772727272727272,0.7632850241545893,0.7761502813637868,0.7821782178217822,2,PowerTransformer,,False,RandomForestClassifier
6.389556737161677,0.8227272727272728,0.821917808219178,0.8227272727272728,0.8256880733944955,3,PowerTransformer,,False,RandomForestClassifier
5.7604012265712345,0.8401826484018264,0.8356807511737089,0.8399949933244325,0.839622641509434,4,PowerTransformer,,False,RandomForestClassifier
6.747898579697731,0.8127853881278538,0.8093023255813954,0.8127189324437031,0.8207547169811321,5,PowerTransformer,,False,RandomForestClassifier
