log_loss,accuracy,f1,auc,percision,CV,transform,features_selection,dim_red,model
6.881061101558729,0.8090909090909091,0.8125000000000001,0.8112189859762676,0.8504672897196262,1,PowerTransformer,,UMAP,LogisticRegression
9.666252499808692,0.7318181818181818,0.7064676616915423,0.7296425024826216,0.7473684210526316,2,PowerTransformer,,UMAP,LogisticRegression
6.881061101558729,0.8090909090909091,0.8073394495412846,0.8090909090909091,0.8148148148148148,3,PowerTransformer,,UMAP,LogisticRegression
9.874973531264972,0.726027397260274,0.7345132743362831,0.7271361815754339,0.6974789915966386,4,PowerTransformer,,UMAP,LogisticRegression
9.216641962513975,0.7442922374429224,0.7383177570093459,0.7442035029190992,0.7523809523809524,5,PowerTransformer,,UMAP,LogisticRegression
