log_loss,accuracy,f1,auc,percision,CV,transform,features_selection,dim_red,model
9.830087287941042,0.7272727272727273,0.7540983606557378,0.7232594805410338,0.7244094488188977,1,PowerTransformer,,TSNE,LogisticRegression
11.140765592999847,0.6909090909090909,0.7043478260869566,0.693478980470043,0.6532258064516129,2,PowerTransformer,,TSNE,LogisticRegression
10.649261228602795,0.7045454545454546,0.721030042918455,0.7045454545454546,0.6829268292682927,3,PowerTransformer,,TSNE,LogisticRegression
10.697887992203722,0.7031963470319634,0.7257383966244726,0.7054405874499333,0.6615384615384615,4,PowerTransformer,,TSNE,LogisticRegression
8.393727501575226,0.7671232876712328,0.775330396475771,0.7673060884070059,0.7457627118644068,5,PowerTransformer,,TSNE,LogisticRegression
