log_loss,accuracy,f1,auc,percision,CV,transform,features_selection,dim_red,model
10.321591652338093,0.7136363636363636,0.7272727272727273,0.713343291013194,0.7368421052631579,1,PowerTransformer,,LLE,RandomForestClassifier
11.468435169264547,0.6818181818181818,0.6634615384615384,0.6807348560079444,0.6764705882352942,2,PowerTransformer,,LLE,RandomForestClassifier
10.321591652338094,0.7136363636363636,0.7149321266968325,0.7136363636363636,0.7117117117117117,3,PowerTransformer,,LLE,RandomForestClassifier
10.86247088439147,0.6986301369863014,0.7079646017699116,0.6997246328437917,0.6722689075630253,4,PowerTransformer,,LLE,RandomForestClassifier
10.533305100015971,0.7077625570776256,0.7064220183486238,0.7077564637197665,0.7064220183486238,5,PowerTransformer,,LLE,RandomForestClassifier
