log_loss,accuracy,f1,auc,percision,CV,transform,features_selection,dim_red,model
9.666252499808692,0.7318181818181818,0.7531380753138075,0.7292755787901419,0.7377049180327869,1,PowerTransformer,,PCA,DecisionTreeClassifier
8.683243771014586,0.759090909090909,0.7488151658767772,0.758606421714664,0.7523809523809524,2,PowerTransformer,,PCA,DecisionTreeClassifier
7.536400254088132,0.7909090909090909,0.7909090909090909,0.7909090909090909,0.7909090909090909,3,PowerTransformer,,PCA,DecisionTreeClassifier
7.40623014844873,0.7945205479452054,0.7887323943661972,0.7943090787716957,0.7924528301886793,4,PowerTransformer,,PCA,DecisionTreeClassifier
8.558310393762977,0.7625570776255708,0.7636363636363637,0.7625938281901585,0.7567567567567568,5,PowerTransformer,,PCA,DecisionTreeClassifier
