log_loss,accuracy,f1,auc,percision,CV,transform,features_selection,dim_red,model
8.191739406617534,0.7727272727272727,0.7807017543859649,0.773545763837026,0.8018018018018018,1,PowerTransformer,,LLE,XGBClassifier
9.83008728794104,0.7272727272727273,0.7169811320754716,0.7269116186693148,0.7169811320754716,2,PowerTransformer,,LLE,XGBClassifier
7.700235042220482,0.7863636363636364,0.7965367965367965,0.7863636363636364,0.7603305785123967,3,PowerTransformer,,LLE,XGBClassifier
9.710390639077223,0.730593607305936,0.728110599078341,0.7307660213618158,0.7181818181818181,4,PowerTransformer,,LLE,XGBClassifier
7.899978825011978,0.7808219178082192,0.7837837837837838,0.7809007506255213,0.7699115044247787,5,PowerTransformer,,LLE,XGBClassifier
