log_loss,accuracy,f1,auc,percision,CV,transform,features_selection,dim_red,model
8.355574194749884,0.7681818181818182,0.7753303964757711,0.7692722595635217,0.8,1,PowerTransformer,,MDS,DecisionTreeClassifier
8.355574194749884,0.7681818181818182,0.7627906976744188,0.7683714001986097,0.7522935779816514,2,PowerTransformer,,MDS,DecisionTreeClassifier
9.66625249980869,0.7318181818181818,0.748936170212766,0.7318181818181818,0.704,3,PowerTransformer,,MDS,DecisionTreeClassifier
9.545807746889475,0.7351598173515982,0.7289719626168223,0.7350216955941254,0.7289719626168224,4,PowerTransformer,,MDS,DecisionTreeClassifier
8.229144609387477,0.771689497716895,0.7706422018348624,0.7716847372810676,0.7706422018348624,5,PowerTransformer,,MDS,DecisionTreeClassifier
