log_loss,accuracy,f1,auc,percision,CV,transform,features_selection,dim_red,model
9.174748135411638,0.7454545454545455,0.75,0.7473238735374659,0.7850467289719626,1,PowerTransformer,,TSNE,DecisionTreeClassifier
9.33858292354399,0.740909090909091,0.732394366197183,0.7407315458457464,0.7289719626168224,2,PowerTransformer,,TSNE,DecisionTreeClassifier
7.8640698303528325,0.7818181818181819,0.7818181818181819,0.7818181818181819,0.7818181818181819,3,PowerTransformer,,TSNE,DecisionTreeClassifier
9.052059070326225,0.7488584474885844,0.7441860465116279,0.7488317757009346,0.7407407407407407,4,PowerTransformer,,TSNE,DecisionTreeClassifier
7.735395932824229,0.7853881278538812,0.7834101382488479,0.7853628023352793,0.7870370370370371,5,PowerTransformer,,TSNE,DecisionTreeClassifier
