log_loss,accuracy,f1,auc,percision,CV,transform,features_selection,dim_red,model
11.9599395336616,0.6681818181818182,0.752542372881356,0.6491162559123724,0.6235955056179775,1,PowerTransformer,,LLE,SVC
13.762122203117457,0.6181818181818182,0.6865671641791044,0.6269447202912943,0.5679012345679012,2,PowerTransformer,,LLE,SVC
13.106783050588055,0.6363636363636364,0.7080291970802919,0.6363636363636364,0.5914634146341463,3,PowerTransformer,,LLE,SVC
14.154128728146462,0.6073059360730594,0.6861313868613138,0.613359479305741,0.562874251497006,4,PowerTransformer,,LLE,SVC
13.660380051583212,0.6210045662100456,0.7067137809187278,0.622351959966639,0.5747126436781609,5,PowerTransformer,,LLE,SVC
