log_loss,accuracy,f1,auc,percision,CV,transform,features_selection,dim_red,model
7.8640698303528325,0.7818181818181819,0.7798165137614679,0.7855779603352421,0.8415841584158416,1,PowerTransformer,,MDS,MLPClassifier
8.519408982882236,0.7636363636363637,0.7592592592592593,0.7639854352863291,0.7454545454545455,2,PowerTransformer,,MDS,MLPClassifier
8.683243771014586,0.759090909090909,0.7705627705627704,0.7590909090909091,0.7355371900826446,3,PowerTransformer,,MDS,MLPClassifier
10.204139315640472,0.7168949771689498,0.7256637168141592,0.7179989986648865,0.6890756302521008,4,PowerTransformer,,MDS,MLPClassifier
8.722893285950727,0.7579908675799086,0.7414634146341462,0.7577147623019183,0.7916666666666666,5,PowerTransformer,,MDS,MLPClassifier
