log_loss,accuracy,f1,auc,percision,CV,transform,features_selection,dim_red,model
5.734217584632275,0.8409090909090909,0.847161572052402,0.8417143805493321,0.8660714285714286,1,PowerTransformer,,False,LGBMClassifier
7.536400254088131,0.7909090909090909,0.7745098039215688,0.789308176100629,0.8061224489795918,2,PowerTransformer,,False,LGBMClassifier
6.225721949029326,0.8272727272727273,0.8272727272727273,0.8272727272727273,0.8272727272727273,3,PowerTransformer,,False,LGBMClassifier
5.102069657820237,0.8584474885844748,0.8558139534883722,0.8584779706275034,0.8518518518518519,4,PowerTransformer,,False,LGBMClassifier
6.254149903134484,0.8264840182648402,0.8207547169811321,0.8263552960800666,0.8446601941747572,5,PowerTransformer,,False,LGBMClassifier
