log_loss,accuracy,f1,auc,percision,CV,transform,features_selection,dim_red,model
8.683243771014586,0.759090909090909,0.7763713080168777,0.7572400630653057,0.7666666666666667,1,PowerTransformer,,LDA,DecisionTreeClassifier
11.140765592999847,0.6909090909090909,0.6666666666666666,0.689175769612711,0.6938775510204082,2,PowerTransformer,,LDA,DecisionTreeClassifier
9.010913347279288,0.75,0.7533632286995516,0.75,0.7433628318584071,3,PowerTransformer,,LDA,DecisionTreeClassifier
9.381224854701724,0.7397260273972602,0.7348837209302326,0.7396945927903872,0.7314814814814815,4,PowerTransformer,,LDA,DecisionTreeClassifier
7.24164725626098,0.7990867579908676,0.7924528301886793,0.7989574645537948,0.8155339805825242,5,PowerTransformer,,LDA,DecisionTreeClassifier
