log_loss,accuracy,f1,auc,percision,CV,transform,features_selection,dim_red,model
8.683243771014586,0.759090909090909,0.7601809954751131,0.7618869803335823,0.8076923076923077,1,PowerTransformer,,LLE,LGBMClassifier
10.976930804867495,0.6954545454545454,0.6824644549763033,0.6948857994041707,0.6857142857142857,2,PowerTransformer,,LLE,LGBMClassifier
8.519408982882235,0.7636363636363637,0.7657657657657657,0.7636363636363637,0.7589285714285714,3,PowerTransformer,,LLE,LGBMClassifier
9.710390639077223,0.730593607305936,0.728110599078341,0.7307660213618158,0.7181818181818181,4,PowerTransformer,,LLE,LGBMClassifier
8.064561717199727,0.776255707762557,0.7782805429864253,0.7763135946622186,0.7678571428571429,5,PowerTransformer,,LLE,LGBMClassifier
