log_loss,accuracy,f1,auc,percision,CV,transform,features_selection,dim_red,model
11.6322699573969,0.6772727272727272,0.6844444444444444,0.6785743921666252,0.7129629629629629,1,PowerTransformer,,ISOMAP,LogisticRegression
10.976930804867498,0.6954545454545454,0.6854460093896714,0.6952168156239655,0.6822429906542056,2,PowerTransformer,,ISOMAP,LogisticRegression
10.976930804867497,0.6954545454545454,0.7099567099567099,0.6954545454545455,0.6776859504132231,3,PowerTransformer,,ISOMAP,LogisticRegression
11.191636668766968,0.6894977168949772,0.6964285714285714,0.6903788384512684,0.6666666666666666,4,PowerTransformer,,ISOMAP,LogisticRegression
10.039556423452723,0.7214611872146118,0.728888888888889,0.7216013344453712,0.7068965517241379,5,PowerTransformer,,ISOMAP,LogisticRegression
