log_loss,accuracy,f1,auc,percision,CV,transform,features_selection,dim_red,model
9.50241771167634,0.7363636363636363,0.7456140350877193,0.7370342710148536,0.7657657657657657,1,PowerTransformer,,SE,DecisionTreeClassifier
9.33858292354399,0.740909090909091,0.7272727272727272,0.7400695134061569,0.7378640776699029,2,PowerTransformer,,SE,DecisionTreeClassifier
8.847078559146937,0.7545454545454545,0.7610619469026548,0.7545454545454545,0.7413793103448276,3,PowerTransformer,,SE,DecisionTreeClassifier
10.039556423452723,0.7214611872146118,0.7188940092165899,0.7216288384512684,0.7090909090909091,4,PowerTransformer,,SE,DecisionTreeClassifier
8.229144609387477,0.771689497716895,0.761904761904762,0.7715179316096747,0.7920792079207921,5,PowerTransformer,,SE,DecisionTreeClassifier
