log_loss,accuracy,f1,auc,percision,CV,transform,features_selection,dim_red,model
6.553391525294028,0.8181818181818182,0.8230088495575222,0.819765994523276,0.8532110091743119,1,PowerTransformer,,PCA,XGBClassifier
6.389556737161677,0.8227272727272728,0.8115942028985508,0.8216650115855677,0.8316831683168316,2,PowerTransformer,,PCA,XGBClassifier
6.553391525294027,0.8181818181818182,0.8148148148148149,0.8181818181818182,0.8301886792452831,3,PowerTransformer,,PCA,XGBClassifier
7.241647256260981,0.7990867579908676,0.7999999999999999,0.7996078104138852,0.7787610619469026,4,PowerTransformer,,PCA,XGBClassifier
7.57081304063648,0.7899543378995434,0.7850467289719626,0.7898665554628858,0.8,5,PowerTransformer,,PCA,XGBClassifier
