log_loss,accuracy,f1,auc,percision,CV,transform,features_selection,dim_red,model
6.717226313426378,0.8136363636363636,0.8110599078341014,0.8178159488839101,0.88,1,PowerTransformer,,LDA,MLPClassifier
7.700235042220482,0.7863636363636364,0.7564766839378239,0.7829361138695796,0.8390804597701149,2,PowerTransformer,,LDA,MLPClassifier
7.044895889691079,0.8045454545454546,0.7922705314009661,0.8045454545454547,0.845360824742268,3,PowerTransformer,,LDA,MLPClassifier
7.57081304063648,0.7899543378995434,0.780952380952381,0.7894275700934579,0.7961165048543689,4,PowerTransformer,,LDA,MLPClassifier
7.24164725626098,0.7990867579908676,0.7843137254901961,0.7987906588824021,0.8421052631578947,5,PowerTransformer,,LDA,MLPClassifier
