log_loss,accuracy,f1,auc,percision,CV,transform,features_selection,dim_red,model
7.8640698303528325,0.7818181818181819,0.793103448275862,0.7815119077254998,0.8,1,PowerTransformer,,ISOMAP,AdaBoostClassifier
8.519408982882236,0.7636363636363637,0.7570093457943926,0.7636544190665343,0.75,2,PowerTransformer,,ISOMAP,AdaBoostClassifier
8.683243771014586,0.759090909090909,0.7644444444444444,0.759090909090909,0.7478260869565218,3,PowerTransformer,,ISOMAP,AdaBoostClassifier
9.381224854701724,0.7397260273972602,0.7466666666666667,0.740737650200267,0.711864406779661,4,PowerTransformer,,ISOMAP,AdaBoostClassifier
7.570813040636478,0.7899543378995434,0.7850467289719626,0.7898665554628858,0.8,5,PowerTransformer,,ISOMAP,AdaBoostClassifier
