log_loss,accuracy,f1,auc,percision,CV,transform,features_selection,dim_red,model
6.225721949029327,0.8272727272727273,0.8318584070796462,0.8288938677288192,0.8623853211009175,1,PowerTransformer,,MDS,LGBMClassifier
7.8640698303528325,0.7818181818181819,0.7757009345794392,0.7818603111552467,0.7685185185185185,2,PowerTransformer,,MDS,LGBMClassifier
6.389556737161676,0.8227272727272728,0.821917808219178,0.8227272727272728,0.8256880733944955,3,PowerTransformer,,MDS,LGBMClassifier
8.229144609387477,0.771689497716895,0.7685185185185185,0.771779038718291,0.7614678899082569,4,PowerTransformer,,MDS,LGBMClassifier
6.9124814718854815,0.8082191780821918,0.7941176470588235,0.8079232693911593,0.8526315789473684,5,PowerTransformer,,MDS,LGBMClassifier
