log_loss,accuracy,f1,auc,percision,CV,transform,features_selection,dim_red,model
6.225721949029326,0.8272727272727273,0.8389830508474577,0.8259895444361464,0.8319327731092437,1,PowerTransformer,,PCA,MLPClassifier
7.700235042220482,0.7863636363636364,0.7707317073170732,0.7849222111883483,0.797979797979798,2,PowerTransformer,,PCA,MLPClassifier
6.061887160896975,0.8318181818181818,0.8279069767441859,0.8318181818181817,0.8476190476190476,3,PowerTransformer,,PCA,MLPClassifier
5.924984118758984,0.8356164383561644,0.830188679245283,0.8353220961281709,0.8380952380952381,4,PowerTransformer,,PCA,MLPClassifier
7.57081304063648,0.7899543378995434,0.780952380952381,0.7897831526271893,0.8118811881188119,5,PowerTransformer,,PCA,MLPClassifier
