log_loss,accuracy,f1,auc,percision,CV,transform,features_selection,dim_red,model
9.50241771167634,0.7363636363636363,0.7410714285714285,0.7381960003319227,0.7757009345794392,1,PowerTransformer,,SE,LGBMClassifier
8.683243771014586,0.759090909090909,0.7439613526570047,0.7579443892750745,0.7623762376237624,2,PowerTransformer,,SE,LGBMClassifier
9.010913347279288,0.75,0.7417840375586854,0.7500000000000001,0.7669902912621359,3,PowerTransformer,,SE,LGBMClassifier
8.558310393762977,0.7625570776255708,0.7592592592592593,0.7626418558077436,0.7522935779816514,4,PowerTransformer,,SE,LGBMClassifier
6.747898579697732,0.8127853881278538,0.8093023255813954,0.8127189324437031,0.8207547169811321,5,PowerTransformer,,SE,LGBMClassifier
