log_loss,accuracy,f1,auc,percision,CV,transform,features_selection,dim_red,model
6.553391525294027,0.8181818181818182,0.8275862068965518,0.8180234005476724,0.8347826086956521,1,PowerTransformer,,UMAP,CatBoostClassifier
7.20873067782343,0.8,0.7777777777777778,0.7974180734856008,0.8369565217391305,2,PowerTransformer,,UMAP,CatBoostClassifier
6.717226313426378,0.8136363636363636,0.8038277511961722,0.8136363636363636,0.8484848484848485,3,PowerTransformer,,UMAP,CatBoostClassifier
7.4062301484487305,0.7945205479452054,0.7945205479452055,0.7949349132176234,0.7767857142857143,4,PowerTransformer,,UMAP,CatBoostClassifier
6.912481471885481,0.8082191780821918,0.7941176470588235,0.8079232693911593,0.8526315789473684,5,PowerTransformer,,UMAP,CatBoostClassifier
