log_loss,accuracy,f1,auc,percision,CV,transform,features_selection,dim_red,model
6.389556737161677,0.8227272727272728,0.8354430379746836,0.8211351755041076,0.825,1,PowerTransformer,,TSNE,CatBoostClassifier
7.8640698303528325,0.7818181818181819,0.7647058823529412,0.7802052300562727,0.7959183673469388,2,PowerTransformer,,TSNE,CatBoostClassifier
7.20873067782343,0.8,0.7962962962962964,0.7999999999999999,0.8113207547169812,3,PowerTransformer,,TSNE,CatBoostClassifier
7.077064364073231,0.8036529680365296,0.8036529680365296,0.8040720961281709,0.7857142857142857,4,PowerTransformer,,TSNE,CatBoostClassifier
7.077064364073231,0.8036529680365296,0.7981220657276996,0.8035446205170975,0.8173076923076923,5,PowerTransformer,,TSNE,CatBoostClassifier
