log_loss,accuracy,f1,auc,percision,CV,transform,features_selection,dim_red,model
7.700235042220482,0.7863636363636364,0.7965367965367965,0.7863662766575388,0.8070175438596491,1,PowerTransformer,,UMAP,XGBClassifier
9.33858292354399,0.740909090909091,0.7135678391959798,0.7384144323071831,0.7634408602150538,2,PowerTransformer,,UMAP,XGBClassifier
6.717226313426378,0.8136363636363636,0.812785388127854,0.8136363636363636,0.8165137614678899,3,PowerTransformer,,UMAP,XGBClassifier
7.735395932824229,0.7853881278538812,0.7853881278538813,0.7857977303070759,0.7678571428571429,4,PowerTransformer,,UMAP,XGBClassifier
6.089567010946733,0.8310502283105022,0.8246445497630331,0.8309007506255213,0.8529411764705882,5,PowerTransformer,,UMAP,XGBClassifier
