log_loss,accuracy,f1,auc,percision,CV,transform,features_selection,dim_red,model
8.683243771014586,0.759090909090909,0.774468085106383,0.7578209277238402,0.7711864406779662,1,PowerTransformer,,UMAP,LogisticRegression
11.14076559299985,0.6909090909090909,0.6880733944954129,0.6914928831512743,0.6696428571428571,2,PowerTransformer,,UMAP,LogisticRegression
8.355574194749886,0.7681818181818182,0.7753303964757711,0.7681818181818182,0.7521367521367521,3,PowerTransformer,,UMAP,LogisticRegression
9.874973531264974,0.726027397260274,0.7391304347826085,0.7275534045393859,0.6910569105691057,4,PowerTransformer,,UMAP,LogisticRegression
8.229144609387477,0.771689497716895,0.7596153846153847,0.7714762301918264,0.797979797979798,5,PowerTransformer,,UMAP,LogisticRegression
