log_loss,accuracy,f1,auc,percision,CV,transform,features_selection,dim_red,model
8.683243771014586,0.759090909090909,0.774468085106383,0.7578209277238402,0.7711864406779662,1,PowerTransformer,,MDS,AdaBoostClassifier
9.99392207607339,0.7227272727272728,0.7024390243902439,0.7212015888778549,0.7272727272727273,2,PowerTransformer,,MDS,AdaBoostClassifier
8.847078559146937,0.7545454545454545,0.7589285714285713,0.7545454545454545,0.7456140350877193,3,PowerTransformer,,MDS,AdaBoostClassifier
10.204139315640473,0.7168949771689498,0.7181818181818181,0.7173731642189586,0.6991150442477876,4,PowerTransformer,,MDS,AdaBoostClassifier
8.887476178138476,0.7534246575342466,0.7428571428571429,0.7532527105921601,0.7722772277227723,5,PowerTransformer,,MDS,AdaBoostClassifier
