log_loss,accuracy,f1,auc,percision,CV,transform,features_selection,dim_red,model
7.20873067782343,0.8,0.8053097345132744,0.8015102481121897,0.8348623853211009,1,PowerTransformer,,ISOMAP,XGBClassifier
8.519408982882236,0.7636363636363637,0.7499999999999999,0.76266137040715,0.7647058823529411,2,PowerTransformer,,ISOMAP,XGBClassifier
8.027904618485184,0.7772727272727272,0.7896995708154506,0.7772727272727273,0.7479674796747967,3,PowerTransformer,,ISOMAP,XGBClassifier
7.899978825011978,0.7808219178082192,0.7837837837837838,0.7815420560747663,0.7565217391304347,4,PowerTransformer,,ISOMAP,XGBClassifier
5.595818334383485,0.8447488584474886,0.8411214953271028,0.8446622185154294,0.8571428571428571,5,PowerTransformer,,ISOMAP,XGBClassifier
