log_loss,accuracy,f1,auc,percision,CV,transform,features_selection,dim_red,model
10.157756864205744,0.7181818181818181,0.7181818181818184,0.7211019832379055,0.7669902912621359,1,PowerTransformer,,MDS,LogisticRegression
10.321591652338094,0.7136363636363636,0.7096774193548386,0.7140847401522674,0.6936936936936937,2,PowerTransformer,,MDS,LogisticRegression
9.66625249980869,0.7318181818181818,0.73542600896861,0.7318181818181819,0.7256637168141593,3,PowerTransformer,,MDS,LogisticRegression
11.19163666876697,0.6894977168949772,0.6964285714285714,0.6903788384512684,0.6666666666666666,4,PowerTransformer,,MDS,LogisticRegression
10.039556423452723,0.7214611872146118,0.7109004739336492,0.7213094245204337,0.7352941176470589,5,PowerTransformer,,MDS,LogisticRegression
