log_loss,accuracy,f1,auc,percision,CV,transform,features_selection,dim_red,model
6.061887160896975,0.8318181818181818,0.8451882845188285,0.829682184051116,0.8278688524590164,1,PowerTransformer,,PCA,LogisticRegression
7.37256546595578,0.7954545454545454,0.782608695652174,0.7943561734524992,0.801980198019802,2,PowerTransformer,,PCA,LogisticRegression
6.553391525294027,0.8181818181818182,0.8198198198198199,0.8181818181818181,0.8125,3,PowerTransformer,,PCA,LogisticRegression
8.064561717199728,0.776255707762557,0.7860262008733624,0.7777036048064085,0.7377049180327869,4,PowerTransformer,,PCA,LogisticRegression
7.57081304063648,0.7899543378995434,0.7946428571428571,0.7900750625521268,0.7739130434782608,5,PowerTransformer,,PCA,LogisticRegression
