log_loss,accuracy,f1,auc,percision,CV,transform,features_selection,dim_red,model
6.061887160896976,0.8318181818181818,0.8398268398268399,0.8320056426852543,0.8508771929824561,1,PowerTransformer,,MDS,XGBClassifier
7.8640698303528325,0.7818181818181819,0.7669902912621359,0.7805362462760675,0.79,2,PowerTransformer,,MDS,XGBClassifier
6.225721949029327,0.8272727272727273,0.8240740740740742,0.8272727272727273,0.839622641509434,3,PowerTransformer,,MDS,XGBClassifier
7.899978825011979,0.7808219178082192,0.7818181818181817,0.7813334445927903,0.7610619469026548,4,PowerTransformer,,MDS,XGBClassifier
7.077064364073231,0.8036529680365296,0.7999999999999999,0.8035863219349458,0.8113207547169812,5,PowerTransformer,,MDS,XGBClassifier
