log_loss,accuracy,f1,auc,percision,CV,transform,features_selection,dim_red,model
6.881061101558729,0.8090909090909091,0.817391304347826,0.8094763920006638,0.831858407079646,1,PowerTransformer,,PCA,RandomForestClassifier
7.044895889691079,0.8045454545454546,0.7942583732057416,0.8037901357166501,0.8058252427184466,2,PowerTransformer,,PCA,RandomForestClassifier
6.553391525294027,0.8181818181818182,0.8198198198198199,0.8181818181818181,0.8125,3,PowerTransformer,,PCA,RandomForestClassifier
5.7604012265712345,0.8401826484018264,0.838709677419355,0.8404122162883845,0.8272727272727273,4,PowerTransformer,,PCA,RandomForestClassifier
6.9124814718854815,0.8082191780821918,0.8090909090909092,0.808256880733945,0.8018018018018018,5,PowerTransformer,,PCA,RandomForestClassifier
