log_loss,accuracy,f1,auc,percision,CV,transform,features_selection,dim_red,model
10.157756864205743,0.7181818181818181,0.7155963302752293,0.7216828478964401,0.7722772277227723,1,PowerTransformer,,MDS,LogisticRegression
10.813096016735145,0.7,0.6886792452830188,0.6996027805362462,0.6886792452830188,2,PowerTransformer,,MDS,LogisticRegression
9.33858292354399,0.740909090909091,0.7348837209302326,0.740909090909091,0.7523809523809524,3,PowerTransformer,,MDS,LogisticRegression
11.027053776579221,0.6940639269406392,0.6968325791855204,0.6946345126835781,0.6754385964912281,4,PowerTransformer,,MDS,LogisticRegression
10.204139315640473,0.7168949771689498,0.696078431372549,0.7165971643035862,0.7473684210526316,5,PowerTransformer,,MDS,LogisticRegression
