log_loss,accuracy,f1,auc,percision,CV,transform,features_selection,dim_red,model
6.881061101558729,0.8090909090909091,0.8278688524590164,0.8054103393909219,0.7952755905511811,1,PowerTransformer,,TSNE,MLPClassifier
8.191739406617534,0.7727272727272727,0.7663551401869159,0.7727573651108903,0.7592592592592593,2,PowerTransformer,,TSNE,MLPClassifier
8.027904618485184,0.7772727272727272,0.7822222222222223,0.7772727272727272,0.7652173913043478,3,PowerTransformer,,TSNE,MLPClassifier
9.381224854701724,0.7397260273972602,0.7510917030567685,0.7411548731642189,0.7049180327868853,4,PowerTransformer,,TSNE,MLPClassifier
8.064561717199728,0.776255707762557,0.7677725118483412,0.7761050875729775,0.7941176470588235,5,PowerTransformer,,TSNE,MLPClassifier
