log_loss,accuracy,f1,auc,percision,CV,transform,features_selection,dim_red,model
8.355574194749886,0.7681818181818182,0.7733333333333334,0.7698531242220563,0.8055555555555556,1,PowerTransformer,,ISOMAP,DecisionTreeClassifier
8.191739406617534,0.7727272727272727,0.7641509433962265,0.7724263488910956,0.7641509433962265,2,PowerTransformer,,ISOMAP,DecisionTreeClassifier
8.355574194749884,0.7681818181818182,0.7753303964757711,0.7681818181818182,0.7521367521367521,3,PowerTransformer,,ISOMAP,DecisionTreeClassifier
8.229144609387477,0.771689497716895,0.7685185185185185,0.771779038718291,0.7614678899082569,4,PowerTransformer,,ISOMAP,DecisionTreeClassifier
6.418732795322233,0.821917808219178,0.8151658767772513,0.821768140116764,0.8431372549019608,5,PowerTransformer,,ISOMAP,DecisionTreeClassifier
