log_loss,accuracy,f1,auc,percision,CV,transform,features_selection,dim_red,model
7.208730677823431,0.8,0.8086956521739128,0.8003485187951206,0.8230088495575221,1,PowerTransformer,,ISOMAP,LGBMClassifier
6.553391525294027,0.8181818181818182,0.8165137614678899,0.8189341277722608,0.7946428571428571,2,PowerTransformer,,ISOMAP,LGBMClassifier
8.355574194749886,0.7681818181818182,0.7753303964757711,0.7681818181818182,0.7521367521367521,3,PowerTransformer,,ISOMAP,LGBMClassifier
8.064561717199728,0.776255707762557,0.7782805429864253,0.7768691588785046,0.7543859649122807,4,PowerTransformer,,ISOMAP,LGBMClassifier
6.254149903134483,0.8264840182648402,0.822429906542056,0.826396997497915,0.8380952380952381,5,PowerTransformer,,ISOMAP,LGBMClassifier
