log_loss,accuracy,f1,auc,percision,CV,transform,features_selection,dim_red,model
6.881061101558729,0.8090909090909091,0.8125000000000001,0.8112189859762676,0.8504672897196262,1,PowerTransformer,,UMAP,SVC
9.33858292354399,0.740909090909091,0.7164179104477613,0.7387454485269778,0.7578947368421053,2,PowerTransformer,,UMAP,SVC
7.536400254088132,0.7909090909090909,0.7909090909090909,0.7909090909090909,0.7909090909090909,3,PowerTransformer,,UMAP,SVC
9.052059070326225,0.7488584474885844,0.751131221719457,0.7494576101468625,0.7280701754385965,4,PowerTransformer,,UMAP,SVC
8.064561717199728,0.776255707762557,0.7655502392344498,0.7760633861551293,0.8,5,PowerTransformer,,UMAP,SVC
