log_loss,accuracy,f1,auc,percision,CV,transform,features_selection,dim_red,model
5.734217584632275,0.8409090909090909,0.8430493273542601,0.8434569745249358,0.8867924528301887,1,PowerTransformer,,PCA,CatBoostClassifier
6.225721949029326,0.8272727272727273,0.8155339805825242,0.8260509764978484,0.84,2,PowerTransformer,,PCA,CatBoostClassifier
5.734217584632275,0.8409090909090909,0.8401826484018265,0.8409090909090909,0.8440366972477065,3,PowerTransformer,,PCA,CatBoostClassifier
5.760401226571234,0.8401826484018264,0.8309178743961353,0.8393691588785046,0.86,4,PowerTransformer,,PCA,CatBoostClassifier
6.9124814718854815,0.8082191780821918,0.8037383177570094,0.8081317764804005,0.819047619047619,5,PowerTransformer,,PCA,CatBoostClassifier
