log_loss,accuracy,f1,auc,percision,CV,transform,features_selection,dim_red,model
16.711148389499765,0.5363636363636364,0.3013698630136986,0.5600365114928222,0.7586206896551724,1,PowerTransformer,,LLE,LogisticRegression
14.41746135564686,0.6,0.6857142857142857,0.6107249255213505,0.5517241379310345,2,PowerTransformer,,LLE,LogisticRegression
13.270617838720405,0.6318181818181818,0.7177700348432057,0.6318181818181818,0.5819209039548022,3,PowerTransformer,,LLE,LogisticRegression
15.30620897346071,0.5753424657534246,0.6736842105263158,0.5825267022696929,0.5393258426966292,4,PowerTransformer,,LLE,LogisticRegression
14.647877404709709,0.593607305936073,0.6983050847457627,0.5952043369474562,0.553763440860215,5,PowerTransformer,,LLE,LogisticRegression
