log_loss,accuracy,f1,auc,percision,CV,transform,features_selection,dim_red,model
6.881061101558728,0.8090909090909091,0.8220338983050848,0.8077337980250602,0.8151260504201681,1,PowerTransformer,,UMAP,XGBClassifier
7.8640698303528325,0.7818181818181819,0.7692307692307692,0.7808672624958624,0.7843137254901961,2,PowerTransformer,,UMAP,XGBClassifier
6.061887160896975,0.8318181818181818,0.8325791855203618,0.8318181818181818,0.8288288288288288,3,PowerTransformer,,UMAP,XGBClassifier
7.57081304063648,0.7899543378995434,0.7909090909090909,0.7904706275033377,0.7699115044247787,4,PowerTransformer,,UMAP,XGBClassifier
7.735395932824229,0.7853881278538812,0.7892376681614349,0.7854879065888241,0.7719298245614035,5,PowerTransformer,,UMAP,XGBClassifier
