log_loss,accuracy,f1,auc,percision,CV,transform,features_selection,dim_red,model
7.536400254088131,0.7909090909090909,0.7999999999999999,0.7912206455895776,0.8141592920353983,1,PowerTransformer,,SE,CatBoostClassifier
7.536400254088131,0.7909090909090909,0.7628865979381443,0.7876530950016551,0.8409090909090909,2,PowerTransformer,,SE,CatBoostClassifier
8.191739406617534,0.7727272727272727,0.7596153846153846,0.7727272727272727,0.8061224489795918,3,PowerTransformer,,SE,CatBoostClassifier
7.899978825011978,0.7808219178082192,0.7777777777777778,0.7809162216288384,0.7706422018348624,4,PowerTransformer,,SE,CatBoostClassifier
7.40623014844873,0.7945205479452054,0.7887323943661972,0.7944120100083403,0.8076923076923077,5,PowerTransformer,,SE,CatBoostClassifier
