log_loss,accuracy,f1,auc,percision,CV,transform,features_selection,dim_red,model
6.553391525294027,0.8181818181818182,0.8230088495575222,0.819765994523276,0.8532110091743119,1,PowerTransformer,,UMAP,LGBMClassifier
8.027904618485184,0.7772727272727272,0.7586206896551725,0.7754882489241973,0.7938144329896907,2,PowerTransformer,,UMAP,LGBMClassifier
6.225721949029326,0.8272727272727273,0.8240740740740742,0.8272727272727273,0.839622641509434,3,PowerTransformer,,UMAP,LGBMClassifier
7.57081304063648,0.7899543378995434,0.7870370370370371,0.7900534045393859,0.7798165137614679,4,PowerTransformer,,UMAP,LGBMClassifier
6.583315687509982,0.817351598173516,0.8095238095238095,0.8171809841534611,0.8415841584158416,5,PowerTransformer,,UMAP,LGBMClassifier
