log_loss,accuracy,f1,auc,percision,CV,transform,features_selection,dim_red,model
7.700235042220482,0.7863636363636364,0.7947598253275109,0.7869471413160734,0.8125,1,PowerTransformer,,LLE,AdaBoostClassifier
10.485426440470444,0.7090909090909091,0.7241379310344827,0.7120158887785502,0.6666666666666666,2,PowerTransformer,,LLE,AdaBoostClassifier
8.847078559146937,0.7545454545454545,0.7768595041322314,0.7545454545454545,0.7121212121212122,3,PowerTransformer,,LLE,AdaBoostClassifier
12.179134021893466,0.6621004566210046,0.6916666666666668,0.6646361815754339,0.6240601503759399,4,PowerTransformer,,LLE,AdaBoostClassifier
9.710390639077223,0.730593607305936,0.7531380753138075,0.7310258548790659,0.6923076923076923,5,PowerTransformer,,LLE,AdaBoostClassifier
