log_loss,accuracy,f1,auc,percision,CV,transform,features_selection,dim_red,model
7.536400254088132,0.7909090909090909,0.7964601769911505,0.7923823749066468,0.8256880733944955,1,PowerTransformer,,TSNE,RandomForestClassifier
8.519408982882236,0.7636363636363637,0.7425742574257426,0.7616683217477656,0.78125,2,PowerTransformer,,TSNE,RandomForestClassifier
7.20873067782343,0.8,0.7962962962962964,0.7999999999999999,0.8113207547169812,3,PowerTransformer,,TSNE,RandomForestClassifier
7.40623014844873,0.7945205479452054,0.7887323943661972,0.7943090787716957,0.7924528301886793,4,PowerTransformer,,TSNE,RandomForestClassifier
7.899978825011979,0.7808219178082192,0.7735849056603774,0.7806922435362802,0.7961165048543689,5,PowerTransformer,,TSNE,RandomForestClassifier
