log_loss,accuracy,f1,auc,percision,CV,transform,features_selection,dim_red,model
7.044895889691079,0.8045454545454546,0.8122270742358079,0.8052028877271594,0.8303571428571429,1,PowerTransformer,,ISOMAP,LGBMClassifier
7.20873067782343,0.8,0.7962962962962964,0.8003972194637538,0.7818181818181819,2,PowerTransformer,,ISOMAP,LGBMClassifier
8.191739406617534,0.7727272727272727,0.7807017543859649,0.7727272727272727,0.7542372881355932,3,PowerTransformer,,ISOMAP,LGBMClassifier
7.241647256260981,0.7990867579908676,0.7981651376146788,0.7993991989319091,0.7837837837837838,4,PowerTransformer,,ISOMAP,LGBMClassifier
6.089567010946734,0.8310502283105022,0.827906976744186,0.8309841534612177,0.839622641509434,5,PowerTransformer,,ISOMAP,LGBMClassifier
