log_loss,accuracy,f1,auc,percision,CV,transform,features_selection,dim_red,model
17.85799190642622,0.5045454545454545,0.2482758620689655,0.5283793876026885,0.6428571428571429,1,PowerTransformer,,LLE,LogisticRegression
14.74513093191156,0.5909090909090909,0.6808510638297872,0.6019529956967892,0.5454545454545454,2,PowerTransformer,,LLE,LogisticRegression
14.089791779382159,0.6090909090909091,0.7054794520547946,0.6090909090909091,0.5659340659340659,3,PowerTransformer,,LLE,LogisticRegression
15.30620897346071,0.5753424657534246,0.6736842105263158,0.5825267022696929,0.5393258426966292,4,PowerTransformer,,LLE,LogisticRegression
14.812460296897457,0.589041095890411,0.6959459459459459,0.5906588824020016,0.5508021390374331,5,PowerTransformer,,LLE,LogisticRegression
