log_loss,accuracy,f1,auc,percision,CV,transform,features_selection,dim_red,model
19.168670211485026,0.4681818181818182,0.0,0.5,0.0,1,QuantileTransformer,,SE,LogisticRegression
18.677165847087974,0.4818181818181818,0.6503067484662576,0.5,0.4818181818181818,2,QuantileTransformer,,SE,LogisticRegression
8.519408982882235,0.7636363636363637,0.7758620689655172,0.7636363636363637,0.7377049180327869,3,QuantileTransformer,,SE,LogisticRegression
18.433283925027947,0.4885844748858447,0.656441717791411,0.5,0.4885844748858447,4,QuantileTransformer,,SE,LogisticRegression
10.697887992203722,0.7031963470319634,0.7601476014760148,0.7042952460383654,0.6358024691358025,5,QuantileTransformer,,SE,LogisticRegression
