log_loss,accuracy,f1,auc,percision,CV,transform,features_selection,dim_red,model
7.536400254088132,0.7909090909090909,0.7927927927927928,0.7935441042237159,0.8380952380952381,1,QuantileTransformer,,ISOMAP,SVC
7.864069830352833,0.7818181818181819,0.76,0.7795431976166831,0.8085106382978723,2,QuantileTransformer,,ISOMAP,SVC
7.372565465955781,0.7954545454545454,0.7963800904977376,0.7954545454545454,0.7927927927927928,3,QuantileTransformer,,ISOMAP,SVC
8.558310393762978,0.7625570776255708,0.7547169811320754,0.7622246328437917,0.7619047619047619,4,QuantileTransformer,,ISOMAP,SVC
8.887476178138476,0.7534246575342466,0.7452830188679245,0.7532944120100082,0.7669902912621359,5,QuantileTransformer,,ISOMAP,SVC
