log_loss,accuracy,f1,auc,percision,CV,transform,features_selection,dim_red,model
6.225721949029326,0.8272727272727273,0.8403361344537815,0.8254086797776118,0.8264462809917356,1,QuantileTransformer,,PCA,LogisticRegression
6.717226313426377,0.8136363636363636,0.8038277511961723,0.8128930817610063,0.8155339805825242,2,QuantileTransformer,,PCA,LogisticRegression
6.881061101558729,0.8090909090909091,0.8108108108108109,0.8090909090909092,0.8035714285714286,3,QuantileTransformer,,PCA,LogisticRegression
7.899978825011978,0.7808219178082192,0.7894736842105263,0.7821678905206942,0.743801652892562,4,QuantileTransformer,,PCA,LogisticRegression
6.089567010946733,0.8310502283105022,0.8325791855203619,0.8311092577147623,0.8214285714285714,5,QuantileTransformer,,PCA,LogisticRegression
