log_loss,accuracy,f1,auc,percision,CV,transform,features_selection,dim_red,model
7.8640698303528325,0.7818181818181819,0.7857142857142856,0.7838353663596381,0.822429906542056,1,QuantileTransformer,,MDS,DecisionTreeClassifier
8.355574194749884,0.7681818181818182,0.7582938388625593,0.7677093677590202,0.7619047619047619,2,QuantileTransformer,,MDS,DecisionTreeClassifier
8.355574194749884,0.7681818181818182,0.7649769585253456,0.7681818181818181,0.7757009345794392,3,QuantileTransformer,,MDS,DecisionTreeClassifier
9.874973531264972,0.726027397260274,0.7345132743362831,0.7271361815754339,0.6974789915966386,4,QuantileTransformer,,MDS,DecisionTreeClassifier
8.393727501575226,0.7671232876712328,0.7627906976744188,0.7670558798999165,0.7735849056603774,5,QuantileTransformer,,MDS,DecisionTreeClassifier
