log_loss,accuracy,f1,auc,percision,CV,transform,features_selection,dim_red,model
6.881061101558728,0.8090909090909091,0.817391304347826,0.8094763920006638,0.831858407079646,1,QuantileTransformer,,MDS,CatBoostClassifier
6.389556737161677,0.8227272727272728,0.8097560975609757,0.821333995365773,0.8383838383838383,2,QuantileTransformer,,MDS,CatBoostClassifier
6.225721949029326,0.8272727272727273,0.8256880733944955,0.8272727272727274,0.8333333333333334,3,QuantileTransformer,,MDS,CatBoostClassifier
7.077064364073231,0.8036529680365296,0.7922705314009661,0.8028204272363151,0.82,4,QuantileTransformer,,MDS,CatBoostClassifier
7.735395932824229,0.7853881278538812,0.768472906403941,0.785070892410342,0.8297872340425532,5,QuantileTransformer,,MDS,CatBoostClassifier
