log_loss,accuracy,f1,auc,percision,CV,transform,features_selection,dim_red,model
7.8640698303528325,0.7818181818181819,0.7714285714285716,0.7879014189693802,0.8709677419354839,1,QuantileTransformer,,ISOMAP,LogisticRegression
9.66625249980869,0.7318181818181818,0.6844919786096257,0.7273253889440582,0.7901234567901234,2,QuantileTransformer,,ISOMAP,LogisticRegression
8.519408982882236,0.7636363636363637,0.7475728155339806,0.7636363636363636,0.8020833333333334,3,QuantileTransformer,,ISOMAP,LogisticRegression
9.545807746889475,0.7351598173515982,0.7184466019417476,0.7341872496662215,0.7474747474747475,4,QuantileTransformer,,ISOMAP,LogisticRegression
10.368722207828222,0.7123287671232876,0.6865671641791045,0.7119683069224353,0.75,5,QuantileTransformer,,ISOMAP,LogisticRegression
