log_loss,accuracy,f1,auc,percision,CV,transform,features_selection,dim_red,model
7.044895889691079,0.8045454545454546,0.8154506437768241,0.8040411584100904,0.8189655172413793,1,QuantileTransformer,,SE,LGBMClassifier
8.683243771014586,0.759090909090909,0.7464114832535885,0.7582754054948693,0.7572815533980582,2,QuantileTransformer,,SE,LGBMClassifier
7.372565465955781,0.7954545454545454,0.7887323943661971,0.7954545454545455,0.8155339805825242,3,QuantileTransformer,,SE,LGBMClassifier
7.4062301484487305,0.7945205479452054,0.7945205479452055,0.7949349132176234,0.7767857142857143,4,QuantileTransformer,,SE,LGBMClassifier
7.89997882501198,0.7808219178082192,0.7735849056603774,0.7806922435362802,0.7961165048543689,5,QuantileTransformer,,SE,LGBMClassifier
