log_loss,accuracy,f1,auc,percision,CV,transform,features_selection,dim_red,model
6.225721949029326,0.8272727272727273,0.8376068376068376,0.8265704090946809,0.8376068376068376,1,QuantileTransformer,,False,CatBoostClassifier
7.536400254088132,0.7909090909090909,0.7653061224489797,0.7879841112214498,0.8333333333333334,2,QuantileTransformer,,False,CatBoostClassifier
5.734217584632275,0.8409090909090909,0.841628959276018,0.8409090909090909,0.8378378378378378,3,QuantileTransformer,,False,CatBoostClassifier
5.7604012265712345,0.8401826484018264,0.832535885167464,0.8395777703604806,0.8529411764705882,4,QuantileTransformer,,False,CatBoostClassifier
6.418732795322233,0.821917808219178,0.8169014084507041,0.8218098415346121,0.8365384615384616,5,QuantileTransformer,,False,CatBoostClassifier
