log_loss,accuracy,f1,auc,percision,CV,transform,features_selection,dim_red,model
7.20873067782343,0.8,0.810344827586207,0.7997676541365861,0.8173913043478261,1,QuantileTransformer,,LDA,LogisticRegression
7.700235042220482,0.7863636363636364,0.7661691542288557,0.7842601787487586,0.8105263157894737,2,QuantileTransformer,,LDA,LogisticRegression
6.717226313426378,0.8136363636363636,0.8110599078341014,0.8136363636363636,0.822429906542056,3,QuantileTransformer,,LDA,LogisticRegression
7.4062301484487305,0.7945205479452054,0.7963800904977376,0.7951435246995995,0.7719298245614035,4,QuantileTransformer,,LDA,LogisticRegression
6.583315687509982,0.817351598173516,0.8113207547169812,0.8172226855713095,0.8349514563106796,5,QuantileTransformer,,LDA,LogisticRegression
