log_loss,accuracy,f1,auc,percision,CV,transform,features_selection,dim_red,model
7.700235042220482,0.7863636363636364,0.8016877637130801,0.784623682681935,0.7916666666666666,1,QuantileTransformer,,LDA,AdaBoostClassifier
7.044895889691079,0.8045454545454546,0.7839195979899497,0.8021350546176763,0.8387096774193549,2,QuantileTransformer,,LDA,AdaBoostClassifier
6.717226313426378,0.8136363636363636,0.812785388127854,0.8136363636363636,0.8165137614678899,3,QuantileTransformer,,LDA,AdaBoostClassifier
7.24164725626098,0.7990867579908676,0.7981651376146788,0.7993991989319091,0.7837837837837838,4,QuantileTransformer,,LDA,AdaBoostClassifier
7.406230148448729,0.7945205479452054,0.7783251231527094,0.7942035029190991,0.8404255319148937,5,QuantileTransformer,,LDA,AdaBoostClassifier
