log_loss,accuracy,f1,auc,percision,CV,transform,features_selection,dim_red,model
19.168670211485026,0.4681818181818182,0.0,0.5,0.0,1,QuantileTransformer,,SE,MLPClassifier
18.677165847087974,0.4818181818181818,0.6503067484662576,0.5,0.4818181818181818,2,QuantileTransformer,,SE,MLPClassifier
14.417461355646862,0.6,0.4499999999999999,0.6,0.72,3,QuantileTransformer,,SE,MLPClassifier
18.433283925027947,0.4885844748858447,0.656441717791411,0.5,0.4885844748858447,4,QuantileTransformer,,SE,MLPClassifier
18.10411814065245,0.4977168949771689,0.6646341463414634,0.5,0.4977168949771689,5,QuantileTransformer,,SE,MLPClassifier
