log_loss,accuracy,f1,auc,percision,CV,transform,features_selection,dim_red,model
10.485426440470444,0.7090909090909091,0.7355371900826446,0.7055845987884822,0.712,1,QuantileTransformer,,LLE,AdaBoostClassifier
10.976930804867497,0.6954545454545454,0.7287449392712552,0.7008440913604765,0.6382978723404256,2,QuantileTransformer,,LLE,AdaBoostClassifier
9.66625249980869,0.7318181818181818,0.7467811158798283,0.7318181818181818,0.7073170731707317,3,QuantileTransformer,,LLE,AdaBoostClassifier
12.014551129705717,0.6666666666666666,0.6945606694560669,0.6691004672897196,0.6287878787878788,4,QuantileTransformer,,LLE,AdaBoostClassifier
10.697887992203722,0.7031963470319634,0.7058823529411765,0.7032527105921602,0.6964285714285714,5,QuantileTransformer,,LLE,AdaBoostClassifier
