log_loss,accuracy,f1,auc,percision,CV,transform,features_selection,dim_red,model
10.321591652338094,0.7136363636363636,0.7096774193548387,0.7174093436229357,0.77,1,QuantileTransformer,,MDS,LogisticRegression
10.157756864205744,0.7181818181818181,0.7075471698113207,0.7178086726249586,0.7075471698113207,2,QuantileTransformer,,MDS,LogisticRegression
9.174748135411638,0.7454545454545455,0.7431192660550459,0.7454545454545455,0.75,3,QuantileTransformer,,MDS,LogisticRegression
11.027053776579221,0.6940639269406392,0.6995515695067265,0.694843124165554,0.6724137931034483,4,QuantileTransformer,,MDS,LogisticRegression
9.710390639077223,0.730593607305936,0.7093596059113301,0.7302752293577982,0.7659574468085106,5,QuantileTransformer,,MDS,LogisticRegression
