log_loss,accuracy,f1,auc,percision,CV,transform,features_selection,dim_red,model
6.225721949029326,0.8272727272727273,0.8376068376068376,0.8265704090946809,0.8376068376068376,1,QuantileTransformer,,TSNE,CatBoostClassifier
7.372565465955781,0.7954545454545454,0.7715736040609137,0.7927010923535253,0.8351648351648352,2,QuantileTransformer,,TSNE,CatBoostClassifier
6.717226313426377,0.8136363636363636,0.8093023255813954,0.8136363636363637,0.8285714285714286,3,QuantileTransformer,,TSNE,CatBoostClassifier
7.4062301484487305,0.7945205479452054,0.7906976744186047,0.7945176902536716,0.7870370370370371,4,QuantileTransformer,,TSNE,CatBoostClassifier
6.583315687509982,0.817351598173516,0.8076923076923077,0.817139282735613,0.8484848484848485,5,QuantileTransformer,,TSNE,CatBoostClassifier
