log_loss,accuracy,f1,auc,percision,CV,transform,features_selection,dim_red,model
18.51333105895562,0.4863636363636364,0.06611570247933884,0.5170940170940171,1.0,1,QuantileTransformer,,LLE,LogisticRegression
17.53032233016152,0.5136363636363637,0.664576802507837,0.5307017543859649,0.49765258215962443,2,QuantileTransformer,,LLE,LogisticRegression
18.185661482690925,0.4954545454545455,0.6584615384615384,0.4954545454545455,0.49767441860465117,3,QuantileTransformer,,LLE,LogisticRegression
17.281203679713702,0.5205479452054794,0.6666666666666666,0.530832777036048,0.5048076923076923,4,QuantileTransformer,,LLE,LogisticRegression
17.281203679713702,0.5205479452054794,0.670846394984326,0.5226438698915763,0.5095238095238095,5,QuantileTransformer,,LLE,LogisticRegression
