log_loss,accuracy,f1,auc,percision,CV,transform,features_selection,dim_red,model
6.553391525294027,0.8181818181818182,0.8333333333333333,0.8156999419135342,0.8130081300813008,1,QuantileTransformer,,False,LogisticRegression
7.536400254088132,0.7909090909090909,0.7830188679245284,0.7906322409798081,0.7830188679245284,2,QuantileTransformer,,False,LogisticRegression
7.20873067782343,0.8,0.8000000000000002,0.8,0.8,3,QuantileTransformer,,False,LogisticRegression
8.393727501575226,0.7671232876712328,0.7811158798283261,0.7689836448598131,0.7222222222222222,4,QuantileTransformer,,False,LogisticRegression
5.924984118758984,0.8356164383561644,0.8363636363636363,0.8356547122602169,0.8288288288288288,5,QuantileTransformer,,False,LogisticRegression
