log_loss,accuracy,f1,auc,percision,CV,transform,features_selection,dim_red,model
6.553391525294027,0.8181818181818182,0.8214285714285714,0.8203468591818106,0.8598130841121495,1,QuantileTransformer,,False,SVC
7.536400254088131,0.7909090909090909,0.7766990291262137,0.7896391923204238,0.8,2,QuantileTransformer,,False,SVC
7.20873067782343,0.8,0.7981651376146789,0.8,0.8055555555555556,3,QuantileTransformer,,False,SVC
6.747898579697731,0.8127853881278538,0.8110599078341014,0.8130006675567424,0.8,4,QuantileTransformer,,False,SVC
7.57081304063648,0.7899543378995434,0.780952380952381,0.7897831526271893,0.8118811881188119,5,QuantileTransformer,,False,SVC
