log_loss,accuracy,f1,auc,percision,CV,transform,features_selection,dim_red,model
7.372565465955781,0.7954545454545454,0.8051948051948051,0.7954941498630819,0.8157894736842105,1,QuantileTransformer,,LDA,CatBoostClassifier
7.372565465955781,0.7954545454545454,0.7715736040609137,0.7927010923535253,0.8351648351648352,2,QuantileTransformer,,LDA,CatBoostClassifier
5.570382796499923,0.8454545454545455,0.8380952380952381,0.8454545454545455,0.88,3,QuantileTransformer,,LDA,CatBoostClassifier
7.077064364073231,0.8036529680365296,0.7981220657276995,0.803446261682243,0.8018867924528302,4,QuantileTransformer,,LDA,CatBoostClassifier
7.735395932824229,0.7853881278538812,0.763819095477387,0.7849874895746456,0.8444444444444444,5,QuantileTransformer,,LDA,CatBoostClassifier
