log_loss,accuracy,f1,auc,percision,CV,transform,features_selection,dim_red,model
5.570382796499923,0.8454545454545455,0.8583333333333333,0.8430835615301635,0.8373983739837398,1,QuantileTransformer,,False,LGBMClassifier
7.044895889691079,0.8045454545454546,0.7902439024390244,0.8031281032770605,0.8181818181818182,2,QuantileTransformer,,False,LGBMClassifier
5.734217584632275,0.8409090909090909,0.841628959276018,0.8409090909090909,0.8378378378378378,3,QuantileTransformer,,False,LGBMClassifier
6.583315687509982,0.817351598173516,0.8181818181818182,0.8178821762349799,0.7964601769911505,4,QuantileTransformer,,False,LGBMClassifier
6.089567010946733,0.8310502283105022,0.8262910798122065,0.8309424520433695,0.8461538461538461,5,QuantileTransformer,,False,LGBMClassifier
