log_loss,accuracy,f1,auc,percision,CV,transform,features_selection,dim_red,model
8.683243771014586,0.759090909090909,0.774468085106383,0.7578209277238402,0.7711864406779662,1,QuantileTransformer,,TSNE,LogisticRegression
10.485426440470444,0.7090909090909091,0.7064220183486238,0.7096987752399867,0.6875,2,QuantileTransformer,,TSNE,LogisticRegression
8.355574194749886,0.7681818181818182,0.7753303964757711,0.7681818181818182,0.7521367521367521,3,QuantileTransformer,,TSNE,LogisticRegression
10.039556423452723,0.7214611872146118,0.7381974248927038,0.723297730307076,0.6825396825396826,4,QuantileTransformer,,TSNE,LogisticRegression
8.064561717199728,0.776255707762557,0.7655502392344498,0.7760633861551293,0.8,5,QuantileTransformer,,TSNE,LogisticRegression
