log_loss,accuracy,f1,auc,percision,CV,transform,features_selection,dim_red,model
7.700235042220482,0.7863636363636364,0.7965367965367965,0.7863662766575388,0.8070175438596491,1,QuantileTransformer,,PCA,XGBClassifier
7.536400254088132,0.7909090909090909,0.7830188679245284,0.7906322409798081,0.7830188679245284,2,QuantileTransformer,,PCA,XGBClassifier
5.734217584632275,0.8409090909090909,0.841628959276018,0.8409090909090909,0.8378378378378378,3,QuantileTransformer,,PCA,XGBClassifier
6.583315687509982,0.817351598173516,0.8130841121495327,0.817256341789052,0.8130841121495327,4,QuantileTransformer,,PCA,XGBClassifier
5.595818334383485,0.8447488584474886,0.8425925925925924,0.8447039199332778,0.8504672897196262,5,QuantileTransformer,,PCA,XGBClassifier
