log_loss,accuracy,f1,auc,percision,CV,transform,features_selection,dim_red,model
10.649261228602795,0.7045454545454546,0.7234042553191489,0.7030536884905816,0.7203389830508474,1,QuantileTransformer,,UMAP,LogisticRegression
11.6322699573969,0.6772727272727272,0.6816143497757847,0.678666004634227,0.6495726495726496,2,QuantileTransformer,,UMAP,LogisticRegression
10.157756864205744,0.7181818181818181,0.7327586206896551,0.718181818181818,0.6967213114754098,3,QuantileTransformer,,UMAP,LogisticRegression
11.520802453142469,0.680365296803653,0.6956521739130435,0.6818674899866488,0.6504065040650406,4,QuantileTransformer,,UMAP,LogisticRegression
9.710390639077225,0.730593607305936,0.7230046948356808,0.7304837364470391,0.7403846153846154,5,QuantileTransformer,,UMAP,LogisticRegression
