log_loss,accuracy,f1,auc,percision,CV,transform,features_selection,dim_red,model
10.157756864205743,0.7181818181818181,0.7304347826086957,0.7181976599452329,0.7433628318584071,1,QuantileTransformer,,LLE,LGBMClassifier
9.83008728794104,0.7272727272727273,0.7247706422018348,0.7279046673286991,0.7053571428571429,2,QuantileTransformer,,LLE,LGBMClassifier
8.683243771014586,0.759090909090909,0.7705627705627704,0.7590909090909091,0.7355371900826446,3,QuantileTransformer,,LLE,LGBMClassifier
10.697887992203722,0.7031963470319634,0.711111111111111,0.7041889185580774,0.6779661016949152,4,QuantileTransformer,,LLE,LGBMClassifier
9.874973531264974,0.726027397260274,0.7196261682242989,0.7259382819015846,0.7333333333333333,5,QuantileTransformer,,LLE,LGBMClassifier
