log_loss,accuracy,f1,auc,percision,CV,transform,features_selection,dim_red,model
7.20873067782343,0.8,0.811965811965812,0.7991867894780516,0.811965811965812,1,RobustScaler,,SE,LGBMClassifier
8.519408982882235,0.7636363636363637,0.761467889908257,0.7643164515061238,0.7410714285714286,2,RobustScaler,,SE,LGBMClassifier
7.20873067782343,0.8,0.7962962962962964,0.7999999999999999,0.8113207547169812,3,RobustScaler,,SE,LGBMClassifier
9.052059070326225,0.7488584474885844,0.7393364928909953,0.7484145527369825,0.75,4,RobustScaler,,SE,LGBMClassifier
8.064561717199728,0.776255707762557,0.7699530516431925,0.7761467889908258,0.7884615384615384,5,RobustScaler,,SE,LGBMClassifier
