log_loss,accuracy,f1,auc,percision,CV,transform,features_selection,dim_red,model
6.061887160896975,0.8318181818181818,0.8384279475982533,0.8325865073437889,0.8571428571428571,1,RobustScaler,,False,CatBoostClassifier
7.044895889691079,0.8045454545454546,0.7860696517412934,0.802466070837471,0.8315789473684211,2,RobustScaler,,False,CatBoostClassifier
5.406548008367572,0.85,0.847926267281106,0.85,0.8598130841121495,3,RobustScaler,,False,CatBoostClassifier
6.254149903134483,0.8264840182648402,0.8173076923076922,0.8257676902536716,0.8415841584158416,4,RobustScaler,,False,CatBoostClassifier
6.583315687509982,0.817351598173516,0.8113207547169812,0.8172226855713095,0.8349514563106796,5,RobustScaler,,False,CatBoostClassifier
