log_loss,accuracy,f1,auc,percision,CV,transform,features_selection,dim_red,model
6.389556737161677,0.8227272727272728,0.8354430379746836,0.8211351755041076,0.825,1,RobustScaler,,False,SVC
6.881061101558728,0.8090909090909091,0.7999999999999999,0.8085071168487257,0.8076923076923077,2,RobustScaler,,False,SVC
5.734217584632275,0.8409090909090909,0.8401826484018265,0.8409090909090909,0.8440366972477065,3,RobustScaler,,False,SVC
7.24164725626098,0.7990867579908676,0.8018018018018018,0.799816421895861,0.7739130434782608,4,RobustScaler,,False,SVC
6.747898579697732,0.8127853881278538,0.8144796380090498,0.8128440366972478,0.8035714285714286,5,RobustScaler,,False,SVC
