log_loss,accuracy,f1,auc,percision,CV,transform,features_selection,dim_red,model
8.027904618485184,0.7772727272727272,0.7914893617021276,0.7760766741349265,0.788135593220339,1,RobustScaler,,PCA,RandomForestClassifier
6.553391525294027,0.8181818181818182,0.8095238095238094,0.8176100628930817,0.8173076923076923,2,RobustScaler,,PCA,RandomForestClassifier
5.734217584632275,0.8409090909090909,0.8401826484018265,0.8409090909090909,0.8440366972477065,3,RobustScaler,,PCA,RandomForestClassifier
6.9124814718854815,0.8082191780821918,0.8018867924528301,0.8079105473965287,0.8095238095238095,4,RobustScaler,,PCA,RandomForestClassifier
7.4062301484487305,0.7945205479452054,0.7945205479452055,0.7945371142618849,0.7909090909090909,5,RobustScaler,,PCA,RandomForestClassifier
