log_loss,accuracy,f1,auc,percision,CV,transform,features_selection,dim_red,model
9.01091334727929,0.75,0.7465437788018433,0.7539208364451082,0.81,1,RobustScaler,,MDS,XGBClassifier
7.864069830352833,0.7818181818181819,0.7735849056603775,0.7815292949354518,0.7735849056603774,2,RobustScaler,,MDS,XGBClassifier
6.389556737161677,0.8227272727272728,0.8186046511627908,0.8227272727272728,0.8380952380952381,3,RobustScaler,,MDS,XGBClassifier
8.064561717199728,0.776255707762557,0.7632850241545893,0.7754088785046729,0.79,4,RobustScaler,,MDS,XGBClassifier
8.064561717199728,0.776255707762557,0.7762557077625571,0.7762718932443703,0.7727272727272727,5,RobustScaler,,MDS,XGBClassifier
