log_loss,accuracy,f1,auc,percision,CV,transform,features_selection,dim_red,model
8.847078559146937,0.7545454545454545,0.7631578947368421,0.7552900174259398,0.7837837837837838,1,RobustScaler,,False,DecisionTreeClassifier
8.355574194749884,0.7681818181818182,0.76056338028169,0.7680403839788149,0.7570093457943925,2,RobustScaler,,False,DecisionTreeClassifier
5.734217584632275,0.8409090909090909,0.8372093023255814,0.8409090909090909,0.8571428571428571,3,RobustScaler,,False,DecisionTreeClassifier
7.735395932824229,0.7853881278538812,0.789237668161435,0.7862149532710281,0.7586206896551724,4,RobustScaler,,False,DecisionTreeClassifier
7.241647256260981,0.7990867579908676,0.8,0.7991242702251876,0.7927927927927928,5,RobustScaler,,False,DecisionTreeClassifier
