log_loss,accuracy,f1,auc,percision,CV,transform,features_selection,dim_red,model
7.8640698303528325,0.7818181818181819,0.7857142857142856,0.7838353663596381,0.822429906542056,1,RobustScaler,,MDS,CatBoostClassifier
7.20873067782343,0.8,0.7884615384615384,0.7990731545845747,0.803921568627451,2,RobustScaler,,MDS,CatBoostClassifier
6.389556737161677,0.8227272727272728,0.8202764976958525,0.8227272727272728,0.8317757009345794,3,RobustScaler,,MDS,CatBoostClassifier
7.241647256260981,0.7990867579908676,0.7924528301886793,0.7987733644859814,0.8,4,RobustScaler,,MDS,CatBoostClassifier
6.9124814718854815,0.8082191780821918,0.7941176470588235,0.8079232693911593,0.8526315789473684,5,RobustScaler,,MDS,CatBoostClassifier
