log_loss,accuracy,f1,auc,percision,CV,transform,features_selection,dim_red,model
7.8640698303528325,0.7818181818181819,0.7818181818181817,0.7849970956767074,0.8349514563106796,1,RobustScaler,,MDS,LogisticRegression
9.010913347279287,0.75,0.7317073170731707,0.7485104270109235,0.7575757575757576,2,RobustScaler,,MDS,LogisticRegression
8.191739406617534,0.7727272727272727,0.7641509433962265,0.7727272727272727,0.7941176470588235,3,RobustScaler,,MDS,LogisticRegression
10.039556423452723,0.7214611872146118,0.7053140096618358,0.7205857810413885,0.73,4,RobustScaler,,MDS,LogisticRegression
8.558310393762977,0.7625570776255708,0.7570093457943925,0.7624687239366139,0.7714285714285715,5,RobustScaler,,MDS,LogisticRegression
