log_loss,accuracy,f1,auc,percision,CV,transform,features_selection,dim_red,model
9.010913347279287,0.75,0.7577092511013217,0.7510165131524356,0.7818181818181819,1,RobustScaler,,ISOMAP,AdaBoostClassifier
9.83008728794104,0.7272727272727273,0.6969696969696969,0.7245945051307514,0.75,2,RobustScaler,,ISOMAP,AdaBoostClassifier
9.66625249980869,0.7318181818181818,0.7203791469194313,0.7318181818181818,0.7524752475247525,3,RobustScaler,,ISOMAP,AdaBoostClassifier
10.039556423452723,0.7214611872146118,0.7109004739336492,0.7210030040053405,0.7211538461538461,4,RobustScaler,,ISOMAP,AdaBoostClassifier
9.381224854701724,0.7397260273972602,0.7164179104477613,0.7393661384487071,0.782608695652174,5,RobustScaler,,ISOMAP,AdaBoostClassifier
