log_loss,accuracy,f1,auc,percision,CV,transform,features_selection,dim_red,model
9.66625249980869,0.7318181818181818,0.728110599078341,0.735665090034022,0.79,1,RobustScaler,,LLE,AdaBoostClassifier
12.451443898058654,0.6545454545454545,0.6274509803921567,0.6527639854352862,0.6530612244897959,2,RobustScaler,,LLE,AdaBoostClassifier
10.157756864205743,0.7181818181818181,0.6770833333333333,0.7181818181818181,0.7926829268292683,3,RobustScaler,,LLE,AdaBoostClassifier
10.204139315640473,0.7168949771689498,0.6836734693877551,0.714869826435247,0.7528089887640449,4,RobustScaler,,LLE,AdaBoostClassifier
11.68538534533022,0.6757990867579908,0.6077348066298343,0.6750208507089241,0.7638888888888888,5,RobustScaler,,LLE,AdaBoostClassifier
