log_loss,accuracy,f1,auc,percision,CV,transform,features_selection,dim_red,model
8.027904618485184,0.7772727272727272,0.780269058295964,0.7795618620861339,0.8207547169811321,1,RobustScaler,,MDS,RandomForestClassifier
7.8640698303528325,0.7818181818181819,0.7692307692307692,0.7808672624958624,0.7843137254901961,2,RobustScaler,,MDS,RandomForestClassifier
6.881061101558728,0.8090909090909091,0.8125,0.809090909090909,0.7982456140350878,3,RobustScaler,,MDS,RandomForestClassifier
8.393727501575226,0.7671232876712328,0.7649769585253456,0.7673147530040053,0.7545454545454545,4,RobustScaler,,MDS,RandomForestClassifier
7.077064364073231,0.8036529680365296,0.8018433179723502,0.8036280233527939,0.8055555555555556,5,RobustScaler,,MDS,RandomForestClassifier
