log_loss,accuracy,f1,auc,percision,CV,transform,features_selection,dim_red,model
8.027904618485184,0.7772727272727272,0.7878787878787878,0.7772384034519957,0.7982456140350878,1,RobustScaler,,ISOMAP,CatBoostClassifier
7.864069830352833,0.7818181818181819,0.7623762376237623,0.7798742138364779,0.8020833333333334,2,RobustScaler,,ISOMAP,CatBoostClassifier
7.700235042220482,0.7863636363636364,0.7853881278538812,0.7863636363636363,0.7889908256880734,3,RobustScaler,,ISOMAP,CatBoostClassifier
6.912481471885481,0.8082191780821918,0.8037383177570093,0.8081191588785046,0.8037383177570093,4,RobustScaler,,ISOMAP,CatBoostClassifier
8.558310393762978,0.7625570776255708,0.7523809523809524,0.7623853211009175,0.7821782178217822,5,RobustScaler,,ISOMAP,CatBoostClassifier
