log_loss,accuracy,f1,auc,percision,CV,transform,features_selection,dim_red,model
7.044895889691079,0.8045454545454546,0.8138528138528138,0.804622023068625,0.8245614035087719,1,RobustScaler,,SE,XGBClassifier
8.027904618485184,0.7772727272727272,0.7677725118483413,0.7768123138033763,0.7714285714285715,2,RobustScaler,,SE,XGBClassifier
8.355574194749884,0.7681818181818182,0.7713004484304933,0.7681818181818181,0.7610619469026548,3,RobustScaler,,SE,XGBClassifier
9.545807746889475,0.7351598173515982,0.7211538461538461,0.7343958611481975,0.7425742574257426,4,RobustScaler,,SE,XGBClassifier
8.229144609387477,0.771689497716895,0.7641509433962266,0.771559633027523,0.7864077669902912,5,RobustScaler,,SE,XGBClassifier
