log_loss,accuracy,f1,auc,percision,CV,transform,features_selection,dim_red,model
7.044895889691079,0.8045454545454546,0.8170212765957446,0.8034602937515558,0.8135593220338984,1,RobustScaler,,UMAP,LGBMClassifier
7.864069830352833,0.7818181818181819,0.7714285714285714,0.7811982787156571,0.7788461538461539,2,RobustScaler,,UMAP,LGBMClassifier
7.536400254088132,0.7909090909090909,0.7946428571428571,0.7909090909090909,0.7807017543859649,3,RobustScaler,,UMAP,LGBMClassifier
6.418732795322233,0.821917808219178,0.8078817733990148,0.8206775700934579,0.8541666666666666,4,RobustScaler,,UMAP,LGBMClassifier
8.229144609387477,0.771689497716895,0.761904761904762,0.7715179316096747,0.7920792079207921,5,RobustScaler,,UMAP,LGBMClassifier
