log_loss,accuracy,f1,auc,percision,CV,transform,features_selection,dim_red,model
9.33858292354399,0.740909090909091,0.7510917030567688,0.7413077752883578,0.7678571428571429,1,RobustScaler,,PCA,DecisionTreeClassifier
8.355574194749884,0.7681818181818182,0.76056338028169,0.7680403839788149,0.7570093457943925,2,RobustScaler,,PCA,DecisionTreeClassifier
6.389556737161677,0.8227272727272728,0.8266666666666667,0.8227272727272729,0.808695652173913,3,RobustScaler,,PCA,DecisionTreeClassifier
8.393727501575226,0.7671232876712328,0.7627906976744186,0.7671061415220293,0.7592592592592593,4,RobustScaler,,PCA,DecisionTreeClassifier
6.747898579697731,0.8127853881278538,0.8110599078341013,0.8127606338615513,0.8148148148148148,5,RobustScaler,,PCA,DecisionTreeClassifier
