log_loss,accuracy,f1,auc,percision,CV,transform,features_selection,dim_red,model
7.372565465955781,0.7954545454545454,0.8051948051948051,0.7954941498630819,0.8157894736842105,1,RobustScaler,,PCA,LGBMClassifier
6.061887160896975,0.8318181818181818,0.8262910798122067,0.8317610062893082,0.822429906542056,2,RobustScaler,,PCA,LGBMClassifier
6.061887160896976,0.8318181818181818,0.8325791855203618,0.8318181818181818,0.8288288288288288,3,RobustScaler,,PCA,LGBMClassifier
7.735395932824229,0.7853881278538812,0.7793427230046949,0.7851718958611482,0.7830188679245284,4,RobustScaler,,PCA,LGBMClassifier
6.747898579697731,0.8127853881278538,0.807511737089202,0.8126772310258551,0.8269230769230769,5,RobustScaler,,PCA,LGBMClassifier
