log_loss,accuracy,f1,auc,percision,CV,transform,features_selection,dim_red,model
11.140765592999847,0.6909090909090909,0.7094017094017093,0.6896523110115342,0.7094017094017094,1,RobustScaler,,TSNE,LogisticRegression
9.33858292354399,0.740909090909091,0.7397260273972605,0.7417245945051307,0.7168141592920354,2,RobustScaler,,TSNE,LogisticRegression
11.79610474552925,0.6727272727272727,0.6756756756756757,0.6727272727272726,0.6696428571428571,3,RobustScaler,,TSNE,LogisticRegression
10.039556423452723,0.7214611872146118,0.7288888888888889,0.7224632843791723,0.6949152542372882,4,RobustScaler,,TSNE,LogisticRegression
8.558310393762977,0.7625570776255708,0.7719298245614036,0.7627606338615514,0.7394957983193278,5,RobustScaler,,TSNE,LogisticRegression
