log_loss,accuracy,f1,auc,percision,CV,transform,features_selection,dim_red,model
8.847078559146937,0.7545454545454545,0.7631578947368421,0.7552900174259398,0.7837837837837838,1,RobustScaler,,ISOMAP,LGBMClassifier
7.700235042220482,0.7863636363636364,0.7707317073170732,0.7849222111883483,0.797979797979798,2,RobustScaler,,ISOMAP,LGBMClassifier
8.847078559146937,0.7545454545454545,0.7672413793103449,0.7545454545454545,0.7295081967213115,3,RobustScaler,,ISOMAP,LGBMClassifier
7.077064364073231,0.8036529680365296,0.7981220657276995,0.803446261682243,0.8018867924528302,4,RobustScaler,,ISOMAP,LGBMClassifier
8.393727501575226,0.7671232876712328,0.76056338028169,0.7670141784820683,0.7788461538461539,5,RobustScaler,,ISOMAP,LGBMClassifier
