log_loss,accuracy,f1,auc,percision,CV,transform,features_selection,dim_red,model
7.536400254088132,0.7909090909090909,0.8034188034188035,0.7900589162725086,0.8034188034188035,1,RobustScaler,,UMAP,RandomForestClassifier
7.044895889691079,0.8045454545454546,0.7922705314009663,0.8034591194968554,0.8118811881188119,2,RobustScaler,,UMAP,RandomForestClassifier
5.898052372764625,0.8363636363636363,0.834862385321101,0.8363636363636364,0.8425925925925926,3,RobustScaler,,UMAP,RandomForestClassifier
7.735395932824229,0.7853881278538812,0.7853881278538813,0.7857977303070759,0.7678571428571429,4,RobustScaler,,UMAP,RandomForestClassifier
7.899978825011978,0.7808219178082192,0.7837837837837838,0.7809007506255213,0.7699115044247787,5,RobustScaler,,UMAP,RandomForestClassifier
