log_loss,accuracy,f1,auc,percision,CV,transform,features_selection,dim_red,model
17.85799190642622,0.5045454545454545,0.16793893129770993,0.5324454402124306,0.7857142857142857,1,RobustScaler,,LLE,SVC
13.106783050588055,0.6363636363636364,0.5238095238095237,0.628599801390268,0.7096774193548387,2,RobustScaler,,LLE,SVC
17.69415711829387,0.509090909090909,0.1818181818181818,0.509090909090909,0.5454545454545454,3,RobustScaler,,LLE,SVC
16.78745500315045,0.5342465753424658,0.16393442622950818,0.5244075433911883,0.6666666666666666,4,RobustScaler,,LLE,SVC
17.939535248464697,0.502283105022831,0.06837606837606838,0.5001668056713928,0.5,5,RobustScaler,,LLE,SVC
