log_loss,accuracy,f1,auc,percision,CV,transform,features_selection,dim_red,model
5.406548008367572,0.85,0.8595744680851065,0.8490996597792715,0.8559322033898306,1,RobustScaler,,False,LogisticRegression
6.881061101558728,0.8090909090909091,0.7980769230769231,0.808176100628931,0.8137254901960784,2,RobustScaler,,False,LogisticRegression
6.225721949029327,0.8272727272727273,0.8224299065420562,0.8272727272727273,0.8461538461538461,3,RobustScaler,,False,LogisticRegression
6.583315687509982,0.817351598173516,0.8165137614678899,0.817673564753004,0.8018018018018018,4,RobustScaler,,False,LogisticRegression
6.583315687509982,0.817351598173516,0.81651376146789,0.817347789824854,0.8165137614678899,5,RobustScaler,,False,LogisticRegression
