log_loss,accuracy,f1,auc,percision,CV,transform,features_selection,dim_red,model
6.717226313426378,0.8136363636363636,0.8225108225108226,0.8137498962741682,0.8333333333333334,1,RobustScaler,,TSNE,LGBMClassifier
6.881061101558728,0.8090909090909091,0.796116504854369,0.807845084409136,0.82,2,RobustScaler,,TSNE,LGBMClassifier
5.734217584632275,0.8409090909090909,0.8401826484018265,0.8409090909090909,0.8440366972477065,3,RobustScaler,,TSNE,LGBMClassifier
7.406230148448729,0.7945205479452054,0.782608695652174,0.7936832443257676,0.81,4,RobustScaler,,TSNE,LGBMClassifier
7.40623014844873,0.7945205479452054,0.7926267281105991,0.7944954128440369,0.7962962962962963,5,RobustScaler,,TSNE,LGBMClassifier
