log_loss,accuracy,f1,auc,percision,CV,transform,features_selection,dim_red,model
5.898052372764625,0.8363636363636363,0.847457627118644,0.8351174176416895,0.8403361344537815,1,RobustScaler,,TSNE,CatBoostClassifier
6.389556737161677,0.8227272727272728,0.8078817733990147,0.8210029791459782,0.845360824742268,2,RobustScaler,,TSNE,CatBoostClassifier
6.389556737161677,0.8227272727272728,0.8251121076233183,0.8227272727272728,0.8141592920353983,3,RobustScaler,,TSNE,CatBoostClassifier
7.24164725626098,0.7990867579908676,0.7981651376146788,0.7993991989319091,0.7837837837837838,4,RobustScaler,,TSNE,CatBoostClassifier
7.899978825011978,0.7808219178082192,0.7714285714285715,0.7806505421184319,0.801980198019802,5,RobustScaler,,TSNE,CatBoostClassifier
