log_loss,accuracy,f1,auc,percision,CV,transform,features_selection,dim_red,model
11.9599395336616,0.6681818181818182,0.6256410256410257,0.6781594888391004,0.782051282051282,1,RobustScaler,,ISOMAP,MLPClassifier
12.123774321793952,0.6636363636363637,0.6021505376344085,0.6588877855014895,0.7,2,RobustScaler,,ISOMAP,MLPClassifier
11.3046003811322,0.6863636363636364,0.6461538461538462,0.6863636363636364,0.7411764705882353,3,RobustScaler,,ISOMAP,MLPClassifier
11.520802453142469,0.680365296803653,0.6634615384615385,0.6795727636849133,0.6831683168316832,4,RobustScaler,,ISOMAP,MLPClassifier
9.545807746889475,0.7351598173515982,0.7184466019417477,0.734904086738949,0.7628865979381443,5,RobustScaler,,ISOMAP,MLPClassifier
