log_loss,accuracy,f1,auc,percision,CV,transform,features_selection,dim_red,model
12.779113474323355,0.6454545454545455,0.6880000000000001,0.6393660277155423,0.6466165413533834,1,RobustScaler,,UMAP,LogisticRegression
12.12377432179395,0.6636363636363637,0.6837606837606838,0.6668321747765642,0.625,2,RobustScaler,,UMAP,LogisticRegression
15.236635296308615,0.5772727272727273,0.6265060240963856,0.5772727272727273,0.5611510791366906,3,RobustScaler,,UMAP,LogisticRegression
12.014551129705717,0.6666666666666666,0.6893617021276596,0.6686832443257676,0.6328125,4,RobustScaler,,UMAP,LogisticRegression
10.862470884391472,0.6986301369863014,0.7295081967213115,0.6991659716430357,0.6592592592592592,5,RobustScaler,,UMAP,LogisticRegression
