log_loss,accuracy,f1,auc,percision,CV,transform,features_selection,dim_red,model
19.168670211485026,0.4681818181818182,0.0,0.5,0.0,1,RobustScaler,,LLE,LogisticRegression
18.513331058955625,0.4863636363636364,0.6366559485530546,0.5020688513737174,0.48292682926829267,2,RobustScaler,,LLE,LogisticRegression
17.366487542029173,0.5181818181818182,0.6513157894736843,0.5181818181818182,0.5103092783505154,3,RobustScaler,,LLE,LogisticRegression
18.104118140652446,0.4977168949771689,0.6333333333333333,0.5064252336448598,0.49222797927461137,4,RobustScaler,,LLE,LogisticRegression
17.77495235627695,0.5068493150684932,0.6470588235294117,0.5086738949124271,0.5025380710659898,5,RobustScaler,,LLE,LogisticRegression
