log_loss,accuracy,f1,auc,percision,CV,transform,features_selection,dim_red,model
6.389556737161677,0.8227272727272728,0.8354430379746836,0.8211351755041076,0.825,1,RobustScaler,,PCA,CatBoostClassifier
5.406548008367572,0.85,0.8436018957345972,0.8496358821582258,0.8476190476190476,2,RobustScaler,,PCA,CatBoostClassifier
5.406548008367572,0.85,0.8493150684931506,0.8499999999999999,0.8532110091743119,3,RobustScaler,,PCA,CatBoostClassifier
6.254149903134483,0.8264840182648402,0.8137254901960783,0.8253504672897196,0.8556701030927835,4,RobustScaler,,PCA,CatBoostClassifier
6.583315687509982,0.817351598173516,0.8113207547169812,0.8172226855713095,0.8349514563106796,5,RobustScaler,,PCA,CatBoostClassifier
