log_loss,accuracy,f1,auc,percision,CV,transform,features_selection,dim_red,model
5.242713220235222,0.8545454545454545,0.8596491228070176,0.855696622686914,0.8828828828828829,1,StandardScaler,,False,MLPClassifier
7.044895889691079,0.8045454545454546,0.7881773399014779,0.8027970870572658,0.8247422680412371,2,StandardScaler,,False,MLPClassifier
5.734217584632275,0.8409090909090909,0.8341232227488151,0.8409090909090909,0.8712871287128713,3,StandardScaler,,False,MLPClassifier
6.747898579697733,0.8127853881278538,0.8056872037914692,0.8123748331108144,0.8173076923076923,4,StandardScaler,,False,MLPClassifier
7.57081304063648,0.7899543378995434,0.7830188679245284,0.7898248540450375,0.8058252427184466,5,StandardScaler,,False,MLPClassifier
