log_loss,accuracy,f1,auc,percision,CV,transform,features_selection,dim_red,model
7.700235042220482,0.7863636363636364,0.7982832618025749,0.7857854119990042,0.8017241379310345,1,StandardScaler,,TSNE,RandomForestClassifier
6.717226313426377,0.8136363636363636,0.8019323671497585,0.8125620655412116,0.8217821782178217,2,StandardScaler,,TSNE,RandomForestClassifier
6.717226313426378,0.8136363636363636,0.8161434977578476,0.8136363636363637,0.8053097345132744,3,StandardScaler,,TSNE,RandomForestClassifier
7.570813040636478,0.7899543378995434,0.7830188679245284,0.789636181575434,0.7904761904761904,4,StandardScaler,,TSNE,RandomForestClassifier
7.40623014844873,0.7945205479452054,0.7945205479452055,0.7945371142618849,0.7909090909090909,5,StandardScaler,,TSNE,RandomForestClassifier
