log_loss,accuracy,f1,auc,percision,CV,transform,features_selection,dim_red,model
9.010913347279288,0.75,0.7488584474885844,0.7533399717865736,0.803921568627451,1,StandardScaler,,LLE,RandomForestClassifier
9.993922076073392,0.7227272727272728,0.7053140096618357,0.7215326050976498,0.7227722772277227,2,StandardScaler,,LLE,RandomForestClassifier
10.485426440470444,0.7090909090909091,0.7377049180327869,0.7090909090909092,0.6716417910447762,3,StandardScaler,,LLE,RandomForestClassifier
6.912481471885481,0.8082191780821918,0.7980769230769231,0.8074933244325768,0.8217821782178217,4,StandardScaler,,LLE,RandomForestClassifier
9.216641962513975,0.7442922374429224,0.7522123893805308,0.7444537114261885,0.7264957264957265,5,StandardScaler,,LLE,RandomForestClassifier
