log_loss,accuracy,f1,auc,percision,CV,transform,features_selection,dim_red,model
10.157756864205743,0.7181818181818181,0.7075471698113207,0.7234254418720437,0.7894736842105263,1,StandardScaler,,LLE,CatBoostClassifier
12.942948262455705,0.6409090909090909,0.5906735751295337,0.637288977159881,0.6551724137931034,2,StandardScaler,,LLE,CatBoostClassifier
9.33858292354399,0.740909090909091,0.7298578199052131,0.740909090909091,0.7623762376237624,3,StandardScaler,,LLE,CatBoostClassifier
9.710390639077223,0.730593607305936,0.7177033492822967,0.7299315754339119,0.7352941176470589,4,StandardScaler,,LLE,CatBoostClassifier
9.052059070326226,0.7488584474885844,0.729064039408867,0.7485404503753127,0.7872340425531915,5,StandardScaler,,LLE,CatBoostClassifier
