log_loss,accuracy,f1,auc,percision,CV,transform,features_selection,dim_red,model
8.519408982882236,0.7636363636363637,0.7592592592592592,0.7679030785826901,0.8282828282828283,1,StandardScaler,,MDS,LogisticRegression
9.33858292354399,0.740909090909091,0.7192118226600984,0.7390764647467726,0.7525773195876289,2,StandardScaler,,MDS,LogisticRegression
8.191739406617534,0.7727272727272727,0.766355140186916,0.7727272727272728,0.7884615384615384,3,StandardScaler,,MDS,LogisticRegression
10.368722207828222,0.7123287671232876,0.6956521739130436,0.7114485981308412,0.72,4,StandardScaler,,MDS,LogisticRegression
8.558310393762977,0.7625570776255708,0.7570093457943925,0.7624687239366139,0.7714285714285715,5,StandardScaler,,MDS,LogisticRegression
