log_loss,accuracy,f1,auc,percision,CV,transform,features_selection,dim_red,model
7.044895889691079,0.8045454545454546,0.818565400843882,0.8028794290930213,0.8083333333333333,1,StandardScaler,,False,DecisionTreeClassifier
8.519408982882235,0.7636363636363637,0.7499999999999999,0.76266137040715,0.7647058823529411,2,StandardScaler,,False,DecisionTreeClassifier
6.225721949029326,0.8272727272727273,0.8272727272727273,0.8272727272727273,0.8272727272727273,3,StandardScaler,,False,DecisionTreeClassifier
8.229144609387477,0.771689497716895,0.7685185185185185,0.771779038718291,0.7614678899082569,4,StandardScaler,,False,DecisionTreeClassifier
6.747898579697732,0.8127853881278538,0.8144796380090498,0.8128440366972478,0.8035714285714286,5,StandardScaler,,False,DecisionTreeClassifier
