log_loss,accuracy,f1,auc,percision,CV,transform,features_selection,dim_red,model
8.191739406617534,0.7727272727272727,0.7807017543859649,0.773545763837026,0.8018018018018018,1,StandardScaler,,ISOMAP,XGBClassifier
8.847078559146937,0.7545454545454545,0.7326732673267327,0.7525653757034095,0.7708333333333334,2,StandardScaler,,ISOMAP,XGBClassifier
7.8640698303528325,0.7818181818181819,0.779816513761468,0.7818181818181817,0.7870370370370371,3,StandardScaler,,ISOMAP,XGBClassifier
7.4062301484487305,0.7945205479452054,0.7963800904977376,0.7951435246995995,0.7719298245614035,4,StandardScaler,,ISOMAP,XGBClassifier
8.229144609387477,0.771689497716895,0.7747747747747747,0.771768140116764,0.7610619469026548,5,StandardScaler,,ISOMAP,XGBClassifier
