log_loss,accuracy,f1,auc,percision,CV,transform,features_selection,dim_red,model
11.3046003811322,0.6863636363636364,0.6497461928934011,0.6958343705916522,0.8,1,StandardScaler,,ISOMAP,LogisticRegression
12.451443898058654,0.6545454545454545,0.5957446808510638,0.6501158556769281,0.6829268292682927,2,StandardScaler,,ISOMAP,LogisticRegression
11.6322699573969,0.6772727272727272,0.6358974358974359,0.6772727272727272,0.7294117647058823,3,StandardScaler,,ISOMAP,LogisticRegression
12.014551129705717,0.6666666666666666,0.6178010471204188,0.6640937917222964,0.7023809523809523,4,StandardScaler,,ISOMAP,LogisticRegression
10.039556423452725,0.7214611872146118,0.6903553299492386,0.7210175145954961,0.7727272727272727,5,StandardScaler,,ISOMAP,LogisticRegression
