log_loss,accuracy,f1,auc,percision,CV,transform,features_selection,dim_red,model
5.898052372764625,0.8363636363636363,0.8434782608695652,0.8368600116172933,0.8584070796460177,1,StandardScaler,,PCA,MLPClassifier
6.881061101558729,0.8090909090909091,0.7920792079207922,0.8071830519695465,0.8333333333333334,2,StandardScaler,,PCA,MLPClassifier
5.406548008367572,0.85,0.8450704225352113,0.8500000000000001,0.8737864077669902,3,StandardScaler,,PCA,MLPClassifier
6.583315687509982,0.817351598173516,0.8113207547169811,0.8170477303070759,0.819047619047619,4,StandardScaler,,PCA,MLPClassifier
7.24164725626098,0.7990867579908676,0.7924528301886793,0.7989574645537948,0.8155339805825242,5,StandardScaler,,PCA,MLPClassifier
