log_loss,accuracy,f1,auc,percision,CV,transform,features_selection,dim_red,model
8.519408982882236,0.7636363636363637,0.7777777777777778,0.7626752966558791,0.7777777777777778,1,StandardScaler,,LDA,DecisionTreeClassifier
8.355574194749884,0.7681818181818182,0.7536231884057971,0.7670473353194307,0.7722772277227723,2,StandardScaler,,LDA,DecisionTreeClassifier
8.683243771014586,0.759090909090909,0.7623318385650224,0.7590909090909091,0.7522123893805309,3,StandardScaler,,LDA,DecisionTreeClassifier
9.545807746889475,0.7351598173515982,0.7363636363636364,0.7356475300400533,0.7168141592920354,4,StandardScaler,,LDA,DecisionTreeClassifier
8.393727501575226,0.7671232876712328,0.76056338028169,0.7670141784820683,0.7788461538461539,5,StandardScaler,,LDA,DecisionTreeClassifier
