log_loss,accuracy,f1,auc,percision,CV,transform,features_selection,dim_red,model
10.813096016735145,0.7,0.7130434782608696,0.6999419135341465,0.7256637168141593,1,StandardScaler,,LLE,XGBClassifier
12.615278686191003,0.65,0.6169154228855722,0.6477159880834161,0.6526315789473685,2,StandardScaler,,LLE,XGBClassifier
10.976930804867495,0.6954545454545454,0.7099567099567099,0.6954545454545455,0.6776859504132231,3,StandardScaler,,LLE,XGBClassifier
10.368722207828222,0.7123287671232876,0.7174887892376681,0.7131174899866489,0.6896551724137931,4,StandardScaler,,LLE,XGBClassifier
11.520802453142469,0.680365296803653,0.6666666666666667,0.6801918265221019,0.693069306930693,5,StandardScaler,,LLE,XGBClassifier
