log_loss,accuracy,f1,auc,percision,CV,transform,features_selection,dim_red,model
7.372565465955781,0.7954545454545454,0.8068669527896996,0.7949132852045474,0.8103448275862069,1,StandardScaler,,UMAP,LGBMClassifier
6.881061101558729,0.8090909090909091,0.7999999999999999,0.8085071168487257,0.8076923076923077,2,StandardScaler,,UMAP,LGBMClassifier
6.061887160896975,0.8318181818181818,0.8279069767441859,0.8318181818181817,0.8476190476190476,3,StandardScaler,,UMAP,LGBMClassifier
5.431235442195735,0.8493150684931506,0.8390243902439024,0.848297730307076,0.8775510204081632,4,StandardScaler,,UMAP,LGBMClassifier
7.077064364073231,0.8036529680365296,0.8018433179723502,0.8036280233527939,0.8055555555555556,5,StandardScaler,,UMAP,LGBMClassifier
