log_loss,accuracy,f1,auc,percision,CV,transform,features_selection,dim_red,model
6.553391525294027,0.8181818181818182,0.8290598290598291,0.817442535889138,0.8290598290598291,1,StandardScaler,,UMAP,CatBoostClassifier
7.044895889691079,0.8045454545454546,0.781725888324873,0.8018040383978816,0.8461538461538461,2,StandardScaler,,UMAP,CatBoostClassifier
6.717226313426377,0.8136363636363636,0.8110599078341014,0.8136363636363636,0.822429906542056,3,StandardScaler,,UMAP,CatBoostClassifier
6.089567010946733,0.8310502283105022,0.8212560386473431,0.8302319759679573,0.85,4,StandardScaler,,UMAP,CatBoostClassifier
7.57081304063648,0.7899543378995434,0.780952380952381,0.7897831526271893,0.8118811881188119,5,StandardScaler,,UMAP,CatBoostClassifier
