log_loss,accuracy,f1,auc,percision,CV,transform,features_selection,dim_red,model
7.20873067782343,0.8,0.811965811965812,0.7991867894780516,0.811965811965812,1,StandardScaler,,UMAP,XGBClassifier
7.20873067782343,0.8,0.794392523364486,0.8000662032439589,0.7870370370370371,2,StandardScaler,,UMAP,XGBClassifier
6.389556737161677,0.8227272727272728,0.8296943231441049,0.8227272727272729,0.7983193277310925,3,StandardScaler,,UMAP,XGBClassifier
7.735395932824229,0.7853881278538812,0.7772511848341231,0.7849632843791722,0.7884615384615384,4,StandardScaler,,UMAP,XGBClassifier
7.24164725626098,0.7990867579908676,0.7904761904761906,0.7989157631359467,0.8217821782178217,5,StandardScaler,,UMAP,XGBClassifier
