log_loss,accuracy,f1,auc,percision,CV,transform,features_selection,dim_red,model
8.191739406617534,0.7727272727272727,0.7747747747747747,0.7752883578126296,0.819047619047619,1,StandardScaler,,MDS,XGBClassifier
8.519408982882236,0.7636363636363637,0.7523809523809523,0.7629923866269447,0.7596153846153846,2,StandardScaler,,MDS,XGBClassifier
7.536400254088132,0.7909090909090909,0.7927927927927927,0.790909090909091,0.7857142857142857,3,StandardScaler,,MDS,XGBClassifier
7.899978825011978,0.7808219178082192,0.7735849056603774,0.7804989986648866,0.780952380952381,4,StandardScaler,,MDS,XGBClassifier
8.064561717199728,0.776255707762557,0.7677725118483412,0.7761050875729775,0.7941176470588235,5,StandardScaler,,MDS,XGBClassifier
