log_loss,accuracy,f1,auc,percision,CV,transform,features_selection,dim_red,model
15.236635296308615,0.5772727272727273,0.7138461538461539,0.5491245539789229,0.5576923076923077,1,StandardScaler,,LLE,SVC
16.38347881323507,0.5454545454545454,0.6774193548387097,0.5610724925521351,0.5147058823529411,2,StandardScaler,,LLE,SVC
17.20265275389682,0.5227272727272727,0.6728971962616821,0.5227272727272727,0.5118483412322274,3,StandardScaler,,LLE,SVC
16.293706326587206,0.547945205479452,0.6837060702875399,0.5580357142857143,0.5194174757281553,4,StandardScaler,,LLE,SVC
16.129123434399453,0.5525114155251142,0.685897435897436,0.5544620517097582,0.5270935960591133,5,StandardScaler,,LLE,SVC
