log_loss,accuracy,f1,auc,percision,CV,transform,features_selection,dim_red,model
13.270617838720407,0.6318181818181818,0.6610878661087866,0.6288689735291677,0.6475409836065574,1,StandardScaler,,UMAP,LogisticRegression
12.779113474323355,0.6454545454545455,0.6486486486486486,0.646640185369083,0.6206896551724138,2,StandardScaler,,UMAP,LogisticRegression
14.58129614377921,0.5954545454545455,0.6147186147186148,0.5954545454545455,0.5867768595041323,3,StandardScaler,,UMAP,LogisticRegression
12.837465590644467,0.6438356164383562,0.6422018348623852,0.6440670894526034,0.6306306306306306,4,StandardScaler,,UMAP,LogisticRegression
10.204139315640473,0.7168949771689498,0.7350427350427351,0.7172226855713095,0.688,5,StandardScaler,,UMAP,LogisticRegression
