log_loss,accuracy,f1,auc,percision,CV,transform,features_selection,dim_red,model
8.355574194749884,0.7681818181818182,0.7811158798283261,0.767529665587918,0.7844827586206896,1,StandardScaler,,UMAP,LogisticRegression
8.847078559146937,0.7545454545454545,0.7403846153846154,0.7535584243627937,0.7549019607843137,2,StandardScaler,,UMAP,LogisticRegression
8.355574194749886,0.7681818181818182,0.7753303964757711,0.7681818181818182,0.7521367521367521,3,StandardScaler,,UMAP,LogisticRegression
8.558310393762977,0.7625570776255708,0.7678571428571429,0.7634763017356475,0.7350427350427351,4,StandardScaler,,UMAP,LogisticRegression
9.052059070326225,0.7488584474885844,0.7417840375586855,0.7487489574645537,0.7596153846153846,5,StandardScaler,,UMAP,LogisticRegression
