log_loss,accuracy,f1,auc,percision,CV,transform,features_selection,dim_red,model
8.847078559146937,0.7545454545454545,0.7672413793103448,0.7541282881088707,0.7739130434782608,1,StandardScaler,,ISOMAP,DecisionTreeClassifier
10.649261228602795,0.7045454545454546,0.6889952153110048,0.7036577292287322,0.6990291262135923,2,StandardScaler,,ISOMAP,DecisionTreeClassifier
9.010913347279287,0.75,0.7577092511013217,0.75,0.7350427350427351,3,StandardScaler,,ISOMAP,DecisionTreeClassifier
7.735395932824229,0.7853881278538812,0.7853881278538813,0.7857977303070759,0.7678571428571429,4,StandardScaler,,ISOMAP,DecisionTreeClassifier
8.558310393762977,0.7625570776255708,0.7614678899082569,0.7625521267723103,0.7614678899082569,5,StandardScaler,,ISOMAP,DecisionTreeClassifier
