log_loss,accuracy,f1,auc,percision,CV,transform,features_selection,dim_red,model
10.157756864205744,0.7181818181818181,0.7280701754385965,0.7187785246037675,0.7477477477477478,1,StandardScaler,,PCA,DecisionTreeClassifier
8.191739406617534,0.7727272727272727,0.7663551401869159,0.7727573651108903,0.7592592592592593,2,StandardScaler,,PCA,DecisionTreeClassifier
6.225721949029327,0.8272727272727273,0.8288288288288289,0.8272727272727273,0.8214285714285714,3,StandardScaler,,PCA,DecisionTreeClassifier
8.887476178138476,0.7534246575342466,0.7428571428571429,0.7528788384512684,0.7572815533980582,4,StandardScaler,,PCA,DecisionTreeClassifier
6.912481471885481,0.8082191780821918,0.8073394495412844,0.8082151793160968,0.8073394495412844,5,StandardScaler,,PCA,DecisionTreeClassifier
