log_loss,accuracy,f1,auc,percision,CV,transform,features_selection,dim_red,model
5.570382796499923,0.8454545454545455,0.8571428571428571,0.8436644261886981,0.8429752066115702,1,StandardScaler,,TSNE,CatBoostClassifier
6.553391525294027,0.8181818181818182,0.8,0.8159549817941081,0.851063829787234,2,StandardScaler,,TSNE,CatBoostClassifier
6.553391525294027,0.8181818181818182,0.8198198198198199,0.8181818181818181,0.8125,3,StandardScaler,,TSNE,CatBoostClassifier
6.747898579697732,0.8127853881278538,0.807511737089202,0.8125834445927903,0.8113207547169812,4,StandardScaler,,TSNE,CatBoostClassifier
7.40623014844873,0.7945205479452054,0.7887323943661972,0.7944120100083403,0.8076923076923077,5,StandardScaler,,TSNE,CatBoostClassifier
