log_loss,accuracy,f1,auc,percision,CV,transform,features_selection,dim_red,model
7.8640698303528325,0.7818181818181819,0.7818181818181817,0.7849970956767074,0.8349514563106796,1,StandardScaler,,MDS,LogisticRegression
9.50241771167634,0.7363636363636363,0.7211538461538461,0.7353525322740814,0.7352941176470589,2,StandardScaler,,MDS,LogisticRegression
8.519408982882236,0.7636363636363637,0.7547169811320754,0.7636363636363637,0.7843137254901961,3,StandardScaler,,MDS,LogisticRegression
10.204139315640472,0.7168949771689498,0.7019230769230769,0.7161214953271028,0.7227722772277227,4,StandardScaler,,MDS,LogisticRegression
8.229144609387477,0.771689497716895,0.7641509433962266,0.771559633027523,0.7864077669902912,5,StandardScaler,,MDS,LogisticRegression
