log_loss,accuracy,f1,auc,percision,CV,transform,features_selection,dim_red,model
7.700235042220482,0.7863636363636364,0.789237668161435,0.7886897352916771,0.8301886792452831,1,StandardScaler,,MDS,CatBoostClassifier
6.881061101558728,0.8090909090909091,0.796116504854369,0.807845084409136,0.82,2,StandardScaler,,MDS,CatBoostClassifier
6.881061101558729,0.8090909090909091,0.8090909090909091,0.8090909090909091,0.8090909090909091,3,StandardScaler,,MDS,CatBoostClassifier
7.73539593282423,0.7853881278538812,0.7853881278538813,0.7857977303070759,0.7678571428571429,4,StandardScaler,,MDS,CatBoostClassifier
7.735395932824229,0.7853881278538812,0.7772511848341231,0.7852376980817347,0.803921568627451,5,StandardScaler,,MDS,CatBoostClassifier
