log_loss,accuracy,f1,auc,percision,CV,transform,features_selection,dim_red,model
5.406548008367572,0.85,0.8558951965065502,0.8508422537548752,0.875,1,StandardScaler,,False,MLPClassifier
7.372565465955781,0.7954545454545454,0.7804878048780488,0.7940251572327044,0.8080808080808081,2,StandardScaler,,False,MLPClassifier
5.406548008367573,0.85,0.8436018957345973,0.85,0.8811881188118812,3,StandardScaler,,False,MLPClassifier
6.254149903134484,0.8264840182648402,0.8173076923076922,0.8257676902536716,0.8415841584158416,4,StandardScaler,,False,MLPClassifier
7.241647256260981,0.7990867579908676,0.7904761904761906,0.7989157631359467,0.8217821782178217,5,StandardScaler,,False,MLPClassifier
