log_loss,accuracy,f1,auc,percision,CV,transform,features_selection,dim_red,model
6.717226313426378,0.8136363636363636,0.8270042194092827,0.8120073022985644,0.8166666666666667,1,StandardScaler,,MDS,AdaBoostClassifier
8.683243771014586,0.759090909090909,0.7534883720930232,0.7592684541542535,0.7431192660550459,2,StandardScaler,,MDS,AdaBoostClassifier
7.864069830352833,0.7818181818181819,0.7818181818181819,0.7818181818181819,0.7818181818181819,3,StandardScaler,,MDS,AdaBoostClassifier
9.874973531264972,0.726027397260274,0.7272727272727274,0.726510347129506,0.7079646017699115,4,StandardScaler,,MDS,AdaBoostClassifier
7.899978825011979,0.7808219178082192,0.7857142857142858,0.7809424520433694,0.7652173913043478,5,StandardScaler,,MDS,AdaBoostClassifier
