log_loss,accuracy,f1,auc,percision,CV,transform,features_selection,dim_red,model
8.847078559146937,0.7545454545454545,0.7522935779816514,0.7581943407186126,0.8118811881188119,1,StandardScaler,,MDS,XGBClassifier
8.191739406617534,0.7727272727272727,0.7524752475247525,0.7707712677921218,0.7916666666666666,2,StandardScaler,,MDS,XGBClassifier
6.389556737161676,0.8227272727272728,0.821917808219178,0.8227272727272728,0.8256880733944955,3,StandardScaler,,MDS,XGBClassifier
7.73539593282423,0.7853881278538812,0.7873303167420815,0.786006341789052,0.7631578947368421,4,StandardScaler,,MDS,XGBClassifier
8.229144609387477,0.771689497716895,0.761904761904762,0.7715179316096747,0.7920792079207921,5,StandardScaler,,MDS,XGBClassifier
