log_loss,accuracy,f1,auc,percision,CV,transform,features_selection,dim_red,model
8.355574194749884,0.7681818181818182,0.767123287671233,0.7715957181976599,0.8235294117647058,1,StandardScaler,,LLE,LGBMClassifier
9.33858292354399,0.740909090909091,0.7164179104477613,0.7387454485269778,0.7578947368421053,2,StandardScaler,,LLE,LGBMClassifier
9.66625249980869,0.7318181818181818,0.7149758454106279,0.7318181818181818,0.7628865979381443,3,StandardScaler,,LLE,LGBMClassifier
8.722893285950727,0.7579908675799086,0.7488151658767772,0.75755173564753,0.7596153846153846,4,StandardScaler,,LLE,LGBMClassifier
8.064561717199728,0.776255707762557,0.7782805429864253,0.7763135946622186,0.7678571428571429,5,StandardScaler,,LLE,LGBMClassifier
