log_loss,accuracy,f1,auc,percision,CV,transform,features_selection,dim_red,model
7.20873067782343,0.8,0.8086956521739128,0.8003485187951206,0.8230088495575221,1,StandardScaler,,MDS,SVC
7.700235042220482,0.7863636363636364,0.7707317073170732,0.7849222111883483,0.797979797979798,2,StandardScaler,,MDS,SVC
6.881061101558729,0.8090909090909091,0.8125,0.809090909090909,0.7982456140350878,3,StandardScaler,,MDS,SVC
8.887476178138474,0.7534246575342466,0.7652173913043477,0.7549649532710281,0.7154471544715447,4,StandardScaler,,MDS,SVC
7.899978825011978,0.7808219178082192,0.7735849056603774,0.7806922435362802,0.7961165048543689,5,StandardScaler,,MDS,SVC
