log_loss,accuracy,f1,auc,percision,CV,transform,features_selection,dim_red,model
8.847078559146937,0.7545454545454545,0.7631578947368421,0.7552900174259398,0.7837837837837838,1,StandardScaler,,SE,DecisionTreeClassifier
9.99392207607339,0.7227272727272728,0.7214611872146119,0.7235187024164184,0.6991150442477876,2,StandardScaler,,SE,DecisionTreeClassifier
8.355574194749886,0.7681818181818182,0.7692307692307693,0.7681818181818182,0.7657657657657657,3,StandardScaler,,SE,DecisionTreeClassifier
9.545807746889475,0.7351598173515982,0.7238095238095237,0.7346044726301736,0.7378640776699029,4,StandardScaler,,SE,DecisionTreeClassifier
8.229144609387477,0.771689497716895,0.7727272727272727,0.7717264386989158,0.7657657657657657,5,StandardScaler,,SE,DecisionTreeClassifier
