log_loss,accuracy,f1,auc,percision,CV,transform,features_selection,dim_red,model
19.168670211485026,0.4681818181818182,0.0,0.5,0.0,1,StandardScaler,,SE,MLPClassifier
18.677165847087974,0.4818181818181818,0.6503067484662576,0.5,0.4818181818181818,2,StandardScaler,,SE,MLPClassifier
18.021826694558573,0.5,0.0,0.5,0.0,3,StandardScaler,,SE,MLPClassifier
10.86247088439147,0.6986301369863014,0.67,0.697012683578104,0.7204301075268817,4,StandardScaler,,SE,MLPClassifier
18.10411814065245,0.4977168949771689,0.6646341463414634,0.5,0.4977168949771689,5,StandardScaler,,SE,MLPClassifier
