log_loss,accuracy,f1,auc,percision,CV,transform,features_selection,dim_red,model
8.191739406617534,0.7727272727272727,0.782608695652174,0.7729648991784914,0.7964601769911505,1,StandardScaler,,SE,RandomForestClassifier
8.519408982882235,0.7636363636363637,0.7570093457943926,0.7636544190665343,0.75,2,StandardScaler,,SE,RandomForestClassifier
6.389556737161677,0.8227272727272728,0.821917808219178,0.8227272727272728,0.8256880733944955,3,StandardScaler,,SE,RandomForestClassifier
7.899978825011978,0.7808219178082192,0.7757009345794392,0.7807076101468624,0.7757009345794392,4,StandardScaler,,SE,RandomForestClassifier
7.24164725626098,0.7990867579908676,0.794392523364486,0.798999165971643,0.8095238095238095,5,StandardScaler,,SE,RandomForestClassifier
