log_loss,accuracy,f1,auc,percision,CV,transform,features_selection,dim_red,model
7.044895889691079,0.8045454545454546,0.8154506437768241,0.8040411584100904,0.8189655172413793,1,StandardScaler,,TSNE,XGBClassifier
6.553391525294027,0.8181818181818182,0.8058252427184467,0.8169480304534923,0.83,2,StandardScaler,,TSNE,XGBClassifier
6.553391525294027,0.8181818181818182,0.81651376146789,0.8181818181818182,0.8240740740740741,3,StandardScaler,,TSNE,XGBClassifier
6.747898579697732,0.8127853881278538,0.8038277511961723,0.8121662216288384,0.8235294117647058,4,StandardScaler,,TSNE,XGBClassifier
7.4062301484487305,0.7945205479452054,0.782608695652174,0.7942869057547957,0.826530612244898,5,StandardScaler,,TSNE,XGBClassifier
