log_loss,accuracy,f1,auc,percision,CV,transform,features_selection,dim_red,model
8.519408982882236,0.7636363636363637,0.7636363636363637,0.7667413492656212,0.8155339805825242,1,StandardScaler,,LLE,XGBClassifier
9.66625249980869,0.7318181818181818,0.7177033492822966,0.7309665673618008,0.7281553398058253,2,StandardScaler,,LLE,XGBClassifier
9.993922076073392,0.7227272727272728,0.7288888888888889,0.7227272727272728,0.7130434782608696,3,StandardScaler,,LLE,XGBClassifier
11.520802453142469,0.680365296803653,0.6874999999999999,0.6812416555407209,0.6581196581196581,4,StandardScaler,,LLE,XGBClassifier
10.697887992203722,0.7031963470319634,0.7004608294930875,0.7031693077564638,0.7037037037037037,5,StandardScaler,,LLE,XGBClassifier
