log_loss,accuracy,f1,auc,percision,CV,transform,features_selection,dim_red,model
8.847078559146937,0.7545454545454545,0.7672413793103448,0.7541282881088707,0.7739130434782608,1,StandardScaler,,ISOMAP,DecisionTreeClassifier
10.321591652338094,0.7136363636363636,0.7014218009478673,0.7130916914928832,0.7047619047619048,2,StandardScaler,,ISOMAP,DecisionTreeClassifier
9.50241771167634,0.7363636363636363,0.7521367521367521,0.7363636363636363,0.7096774193548387,3,StandardScaler,,ISOMAP,DecisionTreeClassifier
7.241647256260981,0.7990867579908676,0.794392523364486,0.7989819759679573,0.794392523364486,4,StandardScaler,,ISOMAP,DecisionTreeClassifier
8.393727501575226,0.7671232876712328,0.7627906976744188,0.7670558798999165,0.7735849056603774,5,StandardScaler,,ISOMAP,DecisionTreeClassifier
