log_loss,accuracy,f1,auc,percision,CV,transform,features_selection,dim_red,model
6.717226313426378,0.8136363636363636,0.8270042194092827,0.8120073022985644,0.8166666666666667,1,StandardScaler,,UMAP,RandomForestClassifier
6.717226313426378,0.8136363636363636,0.8038277511961723,0.8128930817610063,0.8155339805825242,2,StandardScaler,,UMAP,RandomForestClassifier
6.717226313426377,0.8136363636363636,0.8144796380090498,0.8136363636363637,0.8108108108108109,3,StandardScaler,,UMAP,RandomForestClassifier
7.899978825011978,0.7808219178082192,0.7735849056603774,0.7804989986648866,0.780952380952381,4,StandardScaler,,UMAP,RandomForestClassifier
6.583315687509982,0.817351598173516,0.8130841121495327,0.8172643869891577,0.8285714285714286,5,StandardScaler,,UMAP,RandomForestClassifier
