log_loss,accuracy,f1,auc,percision,CV,transform,features_selection,dim_red,model
7.8640698303528325,0.7818181818181819,0.7948717948717948,0.7809310430669653,0.7948717948717948,1,StandardScaler,,ISOMAP,RandomForestClassifier
9.010913347279287,0.75,0.7368421052631577,0.749172459450513,0.7475728155339806,2,StandardScaler,,ISOMAP,RandomForestClassifier
8.519408982882235,0.7636363636363637,0.7739130434782608,0.7636363636363637,0.7416666666666667,3,StandardScaler,,ISOMAP,RandomForestClassifier
7.24164725626098,0.7990867579908676,0.8018018018018018,0.799816421895861,0.7739130434782608,4,StandardScaler,,ISOMAP,RandomForestClassifier
7.899978825011979,0.7808219178082192,0.7777777777777778,0.7807756463719766,0.7850467289719626,5,StandardScaler,,ISOMAP,RandomForestClassifier
