log_loss,accuracy,f1,auc,percision,CV,transform,features_selection,dim_red,model
8.191739406617534,0.7727272727272727,0.7767857142857143,0.774707493154095,0.8130841121495327,1,StandardScaler,,MDS,RandomForestClassifier
7.20873067782343,0.8,0.794392523364486,0.8000662032439589,0.7870370370370371,2,StandardScaler,,MDS,RandomForestClassifier
6.389556737161677,0.8227272727272728,0.8251121076233183,0.8227272727272728,0.8141592920353983,3,StandardScaler,,MDS,RandomForestClassifier
8.229144609387477,0.771689497716895,0.7685185185185185,0.771779038718291,0.7614678899082569,4,StandardScaler,,MDS,RandomForestClassifier
8.064561717199728,0.776255707762557,0.7699530516431925,0.7761467889908258,0.7884615384615384,5,StandardScaler,,MDS,RandomForestClassifier
