log_loss,accuracy,f1,auc,percision,CV,transform,features_selection,dim_red,model
9.174748135411638,0.7454545454545455,0.7565217391304347,0.745581279561862,0.7699115044247787,1,StandardScaler,,MDS,DecisionTreeClassifier
8.847078559146937,0.7545454545454545,0.7476635514018692,0.7545514730221781,0.7407407407407407,2,StandardScaler,,MDS,DecisionTreeClassifier
7.20873067782343,0.8,0.7981651376146789,0.8,0.8055555555555556,3,StandardScaler,,MDS,DecisionTreeClassifier
8.722893285950725,0.7579908675799086,0.7579908675799087,0.7583861815754339,0.7410714285714286,4,StandardScaler,,MDS,DecisionTreeClassifier
8.558310393762978,0.7625570776255708,0.7614678899082569,0.7625521267723103,0.7614678899082569,5,StandardScaler,,MDS,DecisionTreeClassifier
