log_loss,accuracy,f1,auc,percision,CV,transform,features_selection,dim_red,model
8.683243771014586,0.759090909090909,0.7818930041152263,0.7554974690897021,0.753968253968254,1,StandardScaler,,TSNE,MLPClassifier
8.355574194749884,0.7681818181818182,0.746268656716418,0.7660542866600464,0.7894736842105263,2,StandardScaler,,TSNE,MLPClassifier
8.519408982882236,0.7636363636363637,0.7719298245614035,0.7636363636363637,0.7457627118644068,3,StandardScaler,,TSNE,MLPClassifier
8.887476178138476,0.7534246575342466,0.7589285714285715,0.7543391188251002,0.7264957264957265,4,StandardScaler,,TSNE,MLPClassifier
8.393727501575226,0.7671232876712328,0.7582938388625594,0.7669724770642202,0.7843137254901961,5,StandardScaler,,TSNE,MLPClassifier
