log_loss,accuracy,f1,auc,percision,CV,transform,features_selection,dim_red,model
7.044895889691079,0.8045454545454546,0.8105726872246696,0.805783752385694,0.8363636363636363,1,StandardScaler,,MDS,CatBoostClassifier
8.355574194749884,0.7681818181818182,0.7487684729064039,0.766385302879841,0.7835051546391752,2,StandardScaler,,MDS,CatBoostClassifier
6.553391525294027,0.8181818181818182,0.8198198198198199,0.8181818181818181,0.8125,3,StandardScaler,,MDS,CatBoostClassifier
8.558310393762977,0.7625570776255708,0.7523809523809523,0.7620160213618157,0.7669902912621359,4,StandardScaler,,MDS,CatBoostClassifier
7.077064364073231,0.8036529680365296,0.7922705314009661,0.8034195162635529,0.8367346938775511,5,StandardScaler,,MDS,CatBoostClassifier
