log_loss,accuracy,f1,auc,percision,CV,transform,features_selection,dim_red,model
7.044895889691079,0.8045454545454546,0.8138528138528138,0.804622023068625,0.8245614035087719,1,StandardScaler,,UMAP,AdaBoostClassifier
8.191739406617534,0.7727272727272727,0.7474747474747474,0.7701092353525323,0.8043478260869565,2,StandardScaler,,UMAP,AdaBoostClassifier
7.536400254088132,0.7909090909090909,0.7946428571428571,0.7909090909090909,0.7807017543859649,3,StandardScaler,,UMAP,AdaBoostClassifier
7.899978825011978,0.7808219178082192,0.7777777777777778,0.7809162216288384,0.7706422018348624,4,StandardScaler,,UMAP,AdaBoostClassifier
8.558310393762977,0.7625570776255708,0.7523809523809524,0.7623853211009175,0.7821782178217822,5,StandardScaler,,UMAP,AdaBoostClassifier
