log_loss,accuracy,f1,auc,percision,CV,transform,features_selection,dim_red,model
11.79610474552925,0.6727272727272727,0.6326530612244897,0.6824329931126046,0.7848101265822784,1,StandardScaler,,ISOMAP,MLPClassifier
11.79610474552925,0.6727272727272727,0.6086956521739131,0.667659715326051,0.717948717948718,2,StandardScaler,,ISOMAP,MLPClassifier
11.46843516926455,0.6818181818181818,0.6464646464646464,0.6818181818181819,0.7272727272727273,3,StandardScaler,,ISOMAP,MLPClassifier
11.849968237517968,0.6712328767123288,0.6538461538461539,0.6704355807743657,0.6732673267326733,4,StandardScaler,,ISOMAP,MLPClassifier
10.368722207828222,0.7123287671232876,0.689655172413793,0.7120100083402836,0.7446808510638298,5,StandardScaler,,ISOMAP,MLPClassifier
