log_loss,accuracy,f1,auc,percision,CV,transform,features_selection,dim_red,model
9.010913347279287,0.75,0.7577092511013217,0.7510165131524356,0.7818181818181819,1,StandardScaler,,ISOMAP,AdaBoostClassifier
9.50241771167634,0.7363636363636363,0.7040816326530612,0.7333664349553128,0.7666666666666667,2,StandardScaler,,ISOMAP,AdaBoostClassifier
10.321591652338094,0.7136363636363636,0.689655172413793,0.7136363636363635,0.7526881720430108,3,StandardScaler,,ISOMAP,AdaBoostClassifier
10.368722207828222,0.7123287671232876,0.6985645933014355,0.7116572096128171,0.7156862745098039,4,StandardScaler,,ISOMAP,AdaBoostClassifier
9.216641962513975,0.7442922374429224,0.7307692307692308,0.7440783986655547,0.7676767676767676,5,StandardScaler,,ISOMAP,AdaBoostClassifier
