log_loss,accuracy,f1,auc,percision,CV,transform,features_selection,dim_red,model
7.700235042220482,0.7863636363636364,0.7982832618025749,0.7857854119990042,0.8017241379310345,1,StandardScaler,,PCA,RandomForestClassifier
6.225721949029327,0.8272727272727273,0.8207547169811321,0.8270440251572329,0.8207547169811321,2,StandardScaler,,PCA,RandomForestClassifier
5.898052372764625,0.8363636363636363,0.8378378378378378,0.8363636363636363,0.8303571428571429,3,StandardScaler,,PCA,RandomForestClassifier
6.9124814718854815,0.8082191780821918,0.8037383177570093,0.8081191588785046,0.8037383177570093,4,StandardScaler,,PCA,RandomForestClassifier
7.40623014844873,0.7945205479452054,0.7867298578199052,0.7943703085904922,0.8137254901960784,5,StandardScaler,,PCA,RandomForestClassifier
