log_loss,accuracy,f1,auc,percision,CV,transform,features_selection,dim_red,model
5.570382796499923,0.8454545454545455,0.8547008547008547,0.8448261555057672,0.8547008547008547,1,StandardScaler,,False,LGBMClassifier
6.717226313426377,0.8136363636363636,0.8,0.8122310493214168,0.8282828282828283,2,StandardScaler,,False,LGBMClassifier
5.406548008367572,0.85,0.8506787330316742,0.85,0.8468468468468469,3,StandardScaler,,False,LGBMClassifier
4.608320981256988,0.8721461187214612,0.8666666666666667,0.8716622162883846,0.883495145631068,4,StandardScaler,,False,LGBMClassifier
6.254149903134484,0.8264840182648402,0.819047619047619,0.8263135946622187,0.8514851485148515,5,StandardScaler,,False,LGBMClassifier
