log_loss,accuracy,f1,auc,percision,CV,transform,features_selection,dim_red,model
12.615278686191003,0.65,0.6280193236714976,0.6564185544768069,0.7222222222222222,1,StandardScaler,,LLE,CatBoostClassifier
11.6322699573969,0.6772727272727272,0.6570048309178744,0.6760178748758688,0.6732673267326733,2,StandardScaler,,LLE,CatBoostClassifier
11.46843516926455,0.6818181818181818,0.6956521739130435,0.6818181818181818,0.6666666666666666,3,StandardScaler,,LLE,CatBoostClassifier
12.179134021893466,0.6621004566210046,0.6605504587155963,0.6623414552736983,0.6486486486486487,4,StandardScaler,,LLE,CatBoostClassifier
9.545807746889475,0.7351598173515982,0.7363636363636364,0.7351959966638866,0.7297297297297297,5,StandardScaler,,LLE,CatBoostClassifier
