log_loss,accuracy,f1,auc,percision,CV,transform,features_selection,dim_red,model
18.51333105895562,0.4863636363636364,0.11023622047244094,0.5153514231184134,0.7,1,StandardScaler,,LLE,MLPClassifier
16.38347881323507,0.5454545454545454,0.6093749999999999,0.5521350546176762,0.52,2,StandardScaler,,LLE,MLPClassifier
17.038817965764466,0.5272727272727272,0.16129032258064518,0.5272727272727272,0.7142857142857143,3,StandardScaler,,LLE,MLPClassifier
17.9395352484647,0.502283105022831,0.6175438596491228,0.5094292389853138,0.4943820224719101,4,StandardScaler,,LLE,MLPClassifier
17.939535248464697,0.502283105022831,0.15503875968992248,0.5004170141784821,0.5,5,StandardScaler,,LLE,MLPClassifier
