log_loss,accuracy,f1,auc,percision,CV,transform,features_selection,dim_red,model
18.51333105895562,0.4863636363636364,0.08130081300813008,0.5165131524354826,0.8333333333333334,1,StandardScaler,,LLE,LogisticRegression
17.53032233016152,0.5136363636363637,0.6624605678233438,0.5303707381661701,0.4976303317535545,2,StandardScaler,,LLE,LogisticRegression
17.038817965764466,0.5272727272727272,0.16129032258064518,0.5272727272727272,0.7142857142857143,3,StandardScaler,,LLE,LogisticRegression
17.116620787525953,0.5251141552511416,0.6729559748427673,0.5357142857142857,0.5071090047393365,4,StandardScaler,,LLE,LogisticRegression
18.104118140652446,0.4977168949771689,0.15384615384615385,0.49587155963302754,0.47619047619047616,5,StandardScaler,,LLE,LogisticRegression
