log_loss,accuracy,f1,auc,percision,CV,transform,features_selection,dim_red,model
7.20873067782343,0.8,0.8086956521739128,0.8003485187951206,0.8230088495575221,1,StandardScaler,,PCA,XGBClassifier
6.389556737161677,0.8227272727272728,0.8219178082191781,0.8236511089043363,0.7964601769911505,2,StandardScaler,,PCA,XGBClassifier
5.734217584632275,0.8409090909090909,0.8430493273542601,0.8409090909090909,0.831858407079646,3,StandardScaler,,PCA,XGBClassifier
7.57081304063648,0.7899543378995434,0.7830188679245284,0.789636181575434,0.7904761904761904,4,StandardScaler,,PCA,XGBClassifier
7.077064364073231,0.8036529680365296,0.7999999999999999,0.8035863219349458,0.8113207547169812,5,StandardScaler,,PCA,XGBClassifier
