log_loss,accuracy,f1,auc,percision,CV,transform,features_selection,dim_red,model
18.18566148269092,0.4954545454545455,0.09756097560975609,0.5256410256410257,1.0,1,StandardScaler,,LLE,SVC
16.54731360136742,0.5409090909090909,0.6731391585760518,0.5563555114200596,0.5123152709359606,2,StandardScaler,,LLE,SVC
17.694157118293873,0.509090909090909,0.6625,0.509090909090909,0.5047619047619047,3,StandardScaler,,LLE,SVC
17.116620787525953,0.5251141552511416,0.6687898089171975,0.5352970627503338,0.5072463768115942,4,StandardScaler,,LLE,SVC
16.458289218774954,0.54337899543379,0.6774193548387096,0.5452877397831526,0.5223880597014925,5,StandardScaler,,LLE,SVC
