log_loss,accuracy,f1,auc,percision,CV,transform,features_selection,dim_red,model
6.717226313426378,0.8136363636363636,0.8177777777777777,0.8154924902497719,0.8518518518518519,1,StandardScaler,,MDS,MLPClassifier
7.044895889691079,0.8045454545454546,0.7942583732057416,0.8037901357166501,0.8058252427184466,2,StandardScaler,,MDS,MLPClassifier
6.881061101558729,0.8090909090909091,0.8055555555555556,0.8090909090909091,0.8207547169811321,3,StandardScaler,,MDS,MLPClassifier
9.216641962513975,0.7442922374429224,0.7454545454545454,0.7447847129506008,0.7256637168141593,4,StandardScaler,,MDS,MLPClassifier
8.229144609387477,0.771689497716895,0.7706422018348624,0.7716847372810676,0.7706422018348624,5,StandardScaler,,MDS,MLPClassifier
