log_loss,accuracy,f1,auc,percision,CV,transform,features_selection,dim_red,model
7.20873067782343,0.8,0.811965811965812,0.7991867894780516,0.811965811965812,1,StandardScaler,,UMAP,XGBClassifier
6.389556737161677,0.8227272727272728,0.8151658767772513,0.8223270440251573,0.819047619047619,2,StandardScaler,,UMAP,XGBClassifier
6.553391525294027,0.8181818181818182,0.8181818181818182,0.8181818181818181,0.8181818181818182,3,StandardScaler,,UMAP,XGBClassifier
6.583315687509982,0.817351598173516,0.8130841121495327,0.817256341789052,0.8130841121495327,4,StandardScaler,,UMAP,XGBClassifier
7.735395932824229,0.7853881278538812,0.7853881278538812,0.7854045037531276,0.7818181818181819,5,StandardScaler,,UMAP,XGBClassifier
