log_loss,accuracy,f1,auc,percision,CV,transform,features_selection,dim_red,model
8.355574194749884,0.7681818181818182,0.7753303964757711,0.7692722595635217,0.8,1,StandardScaler,,PCA,LGBMClassifier
6.225721949029326,0.8272727272727273,0.8240740740740742,0.8277060575968223,0.8090909090909091,2,StandardScaler,,PCA,LGBMClassifier
5.242713220235222,0.8545454545454545,0.8545454545454545,0.8545454545454545,0.8545454545454545,3,StandardScaler,,PCA,LGBMClassifier
7.899978825011978,0.7808219178082192,0.7757009345794392,0.7807076101468624,0.7757009345794392,4,StandardScaler,,PCA,LGBMClassifier
6.254149903134483,0.8264840182648402,0.8272727272727273,0.8265221017514596,0.8198198198198198,5,StandardScaler,,PCA,LGBMClassifier
