log_loss,accuracy,f1,auc,percision,CV,transform,features_selection,dim_red,model
6.717226313426378,0.8136363636363636,0.8161434977578476,0.8160733549083065,0.8584905660377359,1,StandardScaler,,MDS,LGBMClassifier
6.717226313426378,0.8136363636363636,0.7960199004975125,0.8115690168818273,0.8421052631578947,2,StandardScaler,,MDS,LGBMClassifier
7.20873067782343,0.8,0.8000000000000002,0.8,0.8,3,StandardScaler,,MDS,LGBMClassifier
7.899978825011978,0.7808219178082192,0.7777777777777778,0.7809162216288384,0.7706422018348624,4,StandardScaler,,MDS,LGBMClassifier
9.216641962513975,0.7442922374429224,0.7358490566037735,0.7441618015012511,0.7572815533980582,5,StandardScaler,,MDS,LGBMClassifier
