log_loss,accuracy,f1,auc,percision,CV,transform,features_selection,dim_red,model
18.51333105895562,0.4863636363636364,0.124031007751938,0.5147705584598788,0.6666666666666666,1,StandardScaler,,LLE,MLPClassifier
17.694157118293873,0.509090909090909,0.6582278481012659,0.5256537570340947,0.49523809523809526,2,StandardScaler,,LLE,MLPClassifier
17.038817965764466,0.5272727272727272,0.16129032258064518,0.5272727272727272,0.7142857142857143,3,StandardScaler,,LLE,MLPClassifier
15.14162608127296,0.5799086757990868,0.6849315068493151,0.5878254339118825,0.5405405405405406,4,StandardScaler,,LLE,MLPClassifier
18.762449709403445,0.4794520547945205,0.25000000000000006,0.47806505421184325,0.4418604651162791,5,StandardScaler,,LLE,MLPClassifier
