log_loss,accuracy,f1,auc,percision,CV,transform,features_selection,dim_red,model
8.027904618485184,0.7772727272727272,0.7932489451476793,0.775495809476392,0.7833333333333333,1,StandardScaler,,UMAP,DecisionTreeClassifier
7.8640698303528325,0.7818181818181819,0.7623762376237623,0.7798742138364779,0.8020833333333334,2,StandardScaler,,UMAP,DecisionTreeClassifier
6.225721949029327,0.8272727272727273,0.8288288288288289,0.8272727272727273,0.8214285714285714,3,StandardScaler,,UMAP,DecisionTreeClassifier
6.9124814718854815,0.8082191780821918,0.8037383177570093,0.8081191588785046,0.8037383177570093,4,StandardScaler,,UMAP,DecisionTreeClassifier
8.887476178138476,0.7534246575342466,0.7476635514018691,0.7533361134278566,0.7619047619047619,5,StandardScaler,,UMAP,DecisionTreeClassifier
