log_loss,accuracy,f1,auc,percision,CV,transform,features_selection,dim_red,model
9.174748135411638,0.7454545454545455,0.7627118644067797,0.7438386855862584,0.7563025210084033,1,StandardScaler,,TSNE,DecisionTreeClassifier
7.044895889691079,0.8045454545454546,0.7860696517412934,0.802466070837471,0.8315789473684211,2,StandardScaler,,TSNE,DecisionTreeClassifier
8.027904618485184,0.7772727272727272,0.7802690582959642,0.7772727272727273,0.7699115044247787,3,StandardScaler,,TSNE,DecisionTreeClassifier
7.89997882501198,0.7808219178082192,0.7692307692307693,0.7800817757009346,0.7920792079207921,4,StandardScaler,,TSNE,DecisionTreeClassifier
8.229144609387477,0.771689497716895,0.7787610619469026,0.7718515429524604,0.7521367521367521,5,StandardScaler,,TSNE,DecisionTreeClassifier
