log_loss,accuracy,f1,auc,percision,CV,transform,features_selection,dim_red,model
7.536400254088132,0.7909090909090909,0.7946428571428571,0.7929632395651813,0.8317757009345794,1,StandardScaler,,MDS,MLPClassifier
8.683243771014586,0.759090909090909,0.7439613526570047,0.7579443892750745,0.7623762376237624,2,StandardScaler,,MDS,MLPClassifier
7.044895889691079,0.8045454545454546,0.8054298642533936,0.8045454545454546,0.8018018018018018,3,StandardScaler,,MDS,MLPClassifier
8.887476178138476,0.7534246575342466,0.7610619469026548,0.754547730307076,0.7226890756302521,4,StandardScaler,,MDS,MLPClassifier
8.393727501575226,0.7671232876712328,0.7649769585253455,0.7670975813177647,0.7685185185185185,5,StandardScaler,,MDS,MLPClassifier
