log_loss,accuracy,f1,auc,percision,CV,transform,features_selection,dim_red,model
8.027904618485184,0.7772727272727272,0.7983539094650206,0.7737532155007885,0.7698412698412699,1,StandardScaler,,UMAP,MLPClassifier
9.830087287941042,0.7272727272727273,0.7142857142857142,0.72658060244952,0.7211538461538461,2,StandardScaler,,UMAP,MLPClassifier
6.553391525294027,0.8181818181818182,0.8198198198198199,0.8181818181818181,0.8125,3,StandardScaler,,UMAP,MLPClassifier
10.697887992203722,0.7031963470319634,0.7302904564315352,0.7058578104138853,0.6567164179104478,4,StandardScaler,,UMAP,MLPClassifier
9.710390639077223,0.730593607305936,0.73542600896861,0.7306922435362803,0.7192982456140351,5,StandardScaler,,UMAP,MLPClassifier
