log_loss,accuracy,f1,auc,percision,CV,transform,features_selection,dim_red,model
6.717226313426378,0.8136363636363636,0.8177777777777777,0.8154924902497719,0.8518518518518519,1,StandardScaler,,UMAP,SVC
8.683243771014586,0.759090909090909,0.7336683417085427,0.7566203243958953,0.7849462365591398,2,StandardScaler,,UMAP,SVC
7.37256546595578,0.7954545454545454,0.7926267281105991,0.7954545454545454,0.8037383177570093,3,StandardScaler,,UMAP,SVC
8.393727501575228,0.7671232876712328,0.7671232876712327,0.7675233644859812,0.75,4,StandardScaler,,UMAP,SVC
8.887476178138476,0.7534246575342466,0.7403846153846154,0.7532110091743119,0.7777777777777778,5,StandardScaler,,UMAP,SVC
