log_loss,accuracy,f1,auc,percision,CV,transform,features_selection,dim_red,model
9.010913347279288,0.75,0.761904761904762,0.7498547838353664,0.7719298245614035,1,StandardScaler,,ISOMAP,LGBMClassifier
8.027904618485184,0.7772727272727272,0.7586206896551725,0.7754882489241973,0.7938144329896907,2,StandardScaler,,ISOMAP,LGBMClassifier
8.355574194749884,0.7681818181818182,0.7792207792207793,0.7681818181818183,0.743801652892562,3,StandardScaler,,ISOMAP,LGBMClassifier
5.760401226571234,0.8401826484018264,0.8356807511737089,0.8399949933244325,0.839622641509434,4,StandardScaler,,ISOMAP,LGBMClassifier
8.393727501575226,0.7671232876712328,0.7713004484304933,0.7672226855713095,0.7543859649122807,5,StandardScaler,,ISOMAP,LGBMClassifier
