log_loss,accuracy,f1,auc,percision,CV,transform,features_selection,dim_red,model
10.321591652338094,0.7136363636363636,0.7042253521126761,0.718571072940005,0.78125,1,StandardScaler,,LLE,AdaBoostClassifier
13.270617838720405,0.6318181818181818,0.5621621621621622,0.6268619662363456,0.6582278481012658,2,StandardScaler,,LLE,AdaBoostClassifier
11.9599395336616,0.6681818181818182,0.6666666666666666,0.6681818181818181,0.6697247706422018,3,StandardScaler,,LLE,AdaBoostClassifier
12.343716914081217,0.6575342465753424,0.663677130044843,0.6582943925233644,0.6379310344827587,4,StandardScaler,,LLE,AdaBoostClassifier
12.014551129705717,0.6666666666666666,0.6666666666666666,0.6666805671392827,0.6636363636363637,5,StandardScaler,,LLE,AdaBoostClassifier
