log_loss,accuracy,f1,auc,percision,CV,transform,features_selection,dim_red,model
6.061887160896975,0.8318181818181818,0.8438818565400844,0.8302630487096506,0.8333333333333334,1,StandardScaler,,SE,LGBMClassifier
7.536400254088132,0.7909090909090909,0.780952380952381,0.7903012247600134,0.7884615384615384,2,StandardScaler,,SE,LGBMClassifier
7.700235042220482,0.7863636363636364,0.7834101382488479,0.7863636363636364,0.794392523364486,3,StandardScaler,,SE,LGBMClassifier
8.887476178138476,0.7534246575342466,0.7428571428571429,0.7528788384512684,0.7572815533980582,4,StandardScaler,,SE,LGBMClassifier
7.899978825011978,0.7808219178082192,0.7757009345794392,0.7807339449541285,0.7904761904761904,5,StandardScaler,,SE,LGBMClassifier
