log_loss,accuracy,f1,auc,percision,CV,transform,features_selection,dim_red,model
9.17474813541164,0.7454545454545455,0.7431192660550459,0.7490664675130694,0.801980198019802,1,StandardScaler,,LLE,DecisionTreeClassifier
11.9599395336616,0.6681818181818182,0.6812227074235807,0.6705561072492552,0.6341463414634146,2,StandardScaler,,LLE,DecisionTreeClassifier
12.123774321793952,0.6636363636363637,0.6810344827586207,0.6636363636363638,0.6475409836065574,3,StandardScaler,,LLE,DecisionTreeClassifier
9.545807746889475,0.7351598173515982,0.7521367521367521,0.7371078104138853,0.6929133858267716,4,StandardScaler,,LLE,DecisionTreeClassifier
10.039556423452723,0.7214611872146118,0.7081339712918661,0.7212677231025855,0.74,5,StandardScaler,,LLE,DecisionTreeClassifier
