log_loss,accuracy,f1,auc,percision,CV,transform,features_selection,dim_red,model
6.061887160896975,0.8318181818181818,0.8425531914893616,0.8308439133681852,0.8389830508474576,1,StandardScaler,,False,RandomForestClassifier
6.881061101558729,0.8090909090909091,0.7941176470588236,0.8075140681893412,0.826530612244898,2,StandardScaler,,False,RandomForestClassifier
5.570382796499922,0.8454545454545455,0.8482142857142857,0.8454545454545455,0.8333333333333334,3,StandardScaler,,False,RandomForestClassifier
6.418732795322233,0.821917808219178,0.815165876777251,0.8215120160213618,0.8269230769230769,4,StandardScaler,,False,RandomForestClassifier
6.089567010946733,0.8310502283105022,0.8262910798122065,0.8309424520433695,0.8461538461538461,5,StandardScaler,,False,RandomForestClassifier
